Date,Close,High,Low,Open,Volume,Return
1985-01-01,2.239330530166626,2.3366925636304385,2.117627622732797,2.1541387247712143,42825600,
1985-02-01,2.4158005714416504,2.4158005714416504,2.2149910895013107,2.2271611142325,72147600,0.07880482085951535
1985-03-01,2.4218862056732178,2.476652472981363,2.3184387886559734,2.403630643959349,52878600,0.002519096279514299
1985-04-01,2.5344412326812744,2.725603595039204,2.361778583535571,2.448110013963823,28920600,0.0464741187031823
1985-05-01,2.725604057312012,2.82426850547508,2.497442653254191,2.528275160985877,45860400,0.07542602375849916
1985-06-01,2.929100275039673,2.947599997904725,2.694772286910245,2.7502710320835786,25702200,0.07466096081774554
1985-07-01,2.732583522796631,3.0133284199463777,2.645240784900797,2.963418192209605,43011000,-0.06709116581554397
1985-08-01,2.7762577533721924,2.8324067841798146,2.6639596917569475,2.738824780578372,25279200,0.01598276144579236
1985-09-01,2.695152759552002,2.7824955540607257,2.6140485065887256,2.776257012515278,27451800,-0.029213783814444394
1985-10-01,2.942201375961304,2.980084088301724,2.670710844092929,2.7275344790736296,26811000,0.09166404966610031
1985-11-01,3.163182497024536,3.1884375686793445,2.9422016496786427,2.980084365543348,34942500,0.07510740864602816
1985-12-01,3.245260238647461,3.245260238647461,3.081103297414854,3.163181551266237,29510100,0.025947836300982186
1986-01-01,3.356500625610352,3.6500346467871982,3.190589710892277,3.279926323574253,66080700,0.03427780171159811
1986-02-01,3.484123468399048,3.675558977884103,3.36926225034017,3.36926225034017,53751600,0.03802258870888453
1986-03-01,3.707465648651123,3.943569529463983,3.4330750487440254,3.477743362361618,47965500,0.06410283168142161
1986-04-01,3.220933198928833,3.787817733876708,3.220933198928833,3.7749340497370594,41950800,-0.13123046734075705
1986-05-01,3.4141857624053955,3.465720444877043,3.130743902992796,3.220929818481887,60821100,0.05999893556961422
1986-06-01,3.2660233974456787,3.427069736770827,3.040558256993999,3.427069736770827,61949700,-0.04339610532946869
1986-07-01,3.1893532276153564,3.345566291869925,3.156808708874525,3.30651313753868,45727200,-0.02347508284548272
1986-08-01,3.267460823059082,3.286987631379485,3.0331409109332976,3.1893544836369965,78220800,0.024490105005435803
1986-09-01,2.8183484077453613,3.267461519386897,2.792312732257995,3.2544437933756782,57966300,-0.13744997710278584
1986-10-01,2.874954462051392,3.01311032507354,2.8289025077106755,2.848639188637648,44210700,0.020084832006740605
1986-11-01,2.881533145904541,2.921006505916002,2.690746970826829,2.868375735678478,52686900,0.002288274106593935
1986-12-01,2.8946900367736816,3.046003478678328,2.835480468353008,2.868374773416306,41093100,0.004565934245053027
1987-01-01,3.154183387756348,3.260653997452176,2.927934113207049,2.927934113207049,52068600,0.08964460708611433
1987-02-01,3.506866216659546,3.573410144663696,2.981168934120172,3.1608376082695377,60492600,0.11181430676231874
1987-03-01,3.300580739974976,3.546793621112138,3.2939263686551308,3.513521307591753,59838300,-0.05882330945634606
1987-04-01,3.221953153610229,3.470830497549813,3.134509394251576,3.2690378817575,41833800,-0.02382234902253688
1987-05-01,3.188321828842163,3.2959447940575157,3.0806993254932595,3.2152276278793077,38844900,-0.010438179316909602
1987-06-01,3.4102933406829834,3.457378076861366,3.1883212868903965,3.215227081354086,58032000,0.06962017128660736
1987-07-01,3.402742385864258,3.5796852562876755,3.3755205495823697,3.4435756075826625,44416800,-0.002214165781179833
1987-08-01,3.579686403274536,3.783850708101669,3.287050167592348,3.3619107086495874,44805600,0.05200041535478639
1987-09-01,3.5456583499908447,3.60690772602975,3.389132296584657,3.5932965718505723,41357700,-0.00950587550143056
1987-10-01,2.917563199996948,3.72952676069034,2.6285594530049403,3.6056679444817807,60786900,-0.17714485942942548
1987-11-01,2.635439395904541,3.027659013053301,2.5803910244408224,2.917562270125864,36747900,-0.09669843796107036
1987-12-01,2.4152474403381348,2.669846147116121,2.2707452992334973,2.621679002989904,133870500,-0.08355037718134717
1988-01-01,2.8805577754974365,2.887549634404833,2.454067584296783,2.4890256786382627,31823100,0.1926553476003925
1988-02-01,2.6778006553649902,2.901533465023057,2.5869093514658688,2.8945418447261364,41755500,-0.07038814560747098
1988-03-01,2.614876747131348,2.789668275839269,2.593902118944462,2.684793214590976,105082200,-0.023498354183898562
1988-04-01,2.527191162109375,2.6762672157344096,2.470400319355039,2.6620693222560203,36204300,-0.033533353003413535
1988-05-01,2.6407740116119385,2.6407740116119385,2.4278082161375343,2.527192042801741,31308300,0.044944304651555855
1988-06-01,2.662070035934448,2.7117623108512783,2.534290666410561,2.6407737993068747,76551300,0.008064311534749624
1988-07-01,2.675867080688477,2.7558521816863264,2.603153080170853,2.719495181427514,16755300,0.005182825608562869
1988-08-01,2.8721933364868164,2.9230927705764502,2.6758661989267774,2.6758661989267774,29157300,0.07336921075609859
1988-09-01,3.112149238586426,3.221220227189338,2.835837215816476,2.8576510141083875,35758800,0.08354448116404178
1988-10-01,2.9960813522338867,3.202707879534165,2.9518044564027384,3.158430476992224,20627100,-0.03729509013046506
1988-11-01,2.841111421585083,2.9960813151417303,2.715659964927883,2.988701832594565,17154000,-0.05172420653172771
1988-12-01,2.7820756435394287,2.90752710390919,2.7009008264075693,2.8189733107225825,27097200,-0.020779113975303964
1989-01-01,3.124319076538086,3.1318114194319,2.7497001312362497,2.824624074634713,27765900,0.1230172996170753
1989-02-01,3.1842575073242188,3.3041352294118846,3.0568871864528404,3.109333577328019,19825200,0.019184478063152266
1989-03-01,3.1917519569396973,3.259183332688701,3.116828234688614,3.199244303441777,36151200,0.0023535940790719856
1989-04-01,3.274078607559204,3.410815067917574,3.236096402350824,3.266481905713427,19606500,0.025793561570631285
1989-05-01,3.3424489498138428,3.3728349939854247,3.144940575513488,3.274080676433115,23476500,0.020882315438848886
1989-06-01,3.395622730255127,3.5247627801955987,3.3348509267064244,3.3348509267064244,26942400,0.015908629044056433
1989-07-01,3.640923023223877,3.6871084475124394,3.402300269069053,3.448485164811412,22308300,0.07224014929076628
1989-08-01,3.8333606719970703,3.933427933734355,3.5947376830697317,3.640922573102325,37000800,0.052854083304073374
1989-09-01,3.848757028579712,3.887244717788441,3.710201770265378,3.817967088631274,22414500,0.004016412203295294
1989-10-01,3.980272054672241,4.09711014888436,3.76996412689929,3.886802221111408,30786300,0.03417077906345822
1989-11-01,4.011434555053711,4.159429190571632,3.9413318188915007,3.972488204244783,21186000,0.007829238794089477
1989-12-01,3.707653760910034,4.050377817683226,3.6141833204986495,4.019221449913707,23723100,-0.07572871748860166
1990-01-01,3.1131508350372314,3.8224763349042914,3.0658626487702305,3.735780785575714,41852700,-0.16034477980135975
1990-02-01,3.2077291011810303,3.223491836582556,2.8530662017151207,3.1210335153000046,42697800,0.030380238914015756
1990-03-01,3.1919665336608887,3.3023059672147714,3.105270935870835,3.184085164877494,24925500,-0.0049139335096402
1990-04-01,2.9432668685913086,3.3111751928414965,2.903276982580312,3.223196894437697,28591200,-0.07791424579390704
1990-05-01,3.3271727561950684,3.343168717014632,2.9112761273469454,2.935269793986377,27956700,0.13043529681272248
1990-06-01,3.207199811935425,3.551114358200593,3.199202112136133,3.3591618745058063,26221500,-0.036058525676569864
1990-07-01,3.0491936206817627,3.2762614943425614,3.0248653176746507,3.243823385773637,21636000,-0.04926608896198181
1990-08-01,2.7410311698913574,3.081633066655712,2.6842641870972983,3.057304200647029,44241300,-0.1010635889765189
1990-09-01,2.449087142944336,2.7896890588729466,2.367991846418001,2.732922072884845,44678700,-0.10650883147694845
1990-10-01,2.2377073764801025,2.6423110055870622,2.196420855072513,2.526710049696283,50097600,-0.08630961420593186
1990-11-01,2.6257965564727783,2.650567842331336,2.221192414446388,2.221192414446388,39564000,0.17343160418192705
1990-12-01,2.700110673904419,2.766168454269549,2.576252016794559,2.634052893539289,25363800,0.02830155186564287
1991-01-01,2.9786064624786377,3.0290911219263164,2.423272897541053,2.7514246283341643,26274600,0.10314236052091452
1991-02-01,3.2815165519714355,3.3909000133512843,2.978607349566486,2.978607349566486,28419300,0.10169523678557124
1991-03-01,3.584425926208496,3.584425926208496,3.06274890940524,3.264688194771394,40167000,0.09230773925399882
1991-04-01,3.3653223514556885,3.8778084144618488,3.348239560887924,3.587399508576586,35381700,-0.06112654557896502
1991-05-01,3.553234815597534,3.553234815597534,3.177411893950294,3.382406001578459,27324900,0.05583787956020414
1991-06-01,3.185953140258789,3.5361515619849877,3.1005388839049197,3.5361515619849877,19535400,-0.10336543864945236
1991-07-01,3.1221346855163574,3.2869139830575023,2.9053200083832507,3.278241419792175,32449500,-0.02003119692377142
1991-08-01,2.948681354522705,3.2522221391169253,2.8619554586029063,3.1221334441121504,32451300,-0.05555600525445159
1991-09-01,3.139479160308838,3.182841665771171,2.8966462713209644,2.948681635175615,27108900,0.06470614584837597
1991-10-01,3.673295259475708,3.673295259475708,3.117002984253681,3.196473309285399,26067600,0.17003333097912887
1991-11-01,3.6821234226226807,4.1501151366123885,3.5761628400726955,3.673293424602696,36279900,0.002403336111955534
1991-12-01,4.317886352539063,4.362036349256927,3.6468036740313914,3.664463672718537,33762600,0.1726620368047156
1992-01-01,3.869936227798462,4.362636407813,3.780354404846264,4.317845342559451,33459300,-0.10374291682716286
1992-02-01,3.932641744613648,4.013265384373115,3.753478169049226,3.887851312054709,29172600,0.0162032429280774
1992-03-01,3.645981550216675,4.084932172897915,3.619106790062101,3.932642993056541,22971600,-0.07289252696094117
1992-04-01,3.7595973014831534,3.877652462420132,3.4326757970063584,3.6960294736611656,23529600,0.031161910640970403
1992-05-01,3.741435050964356,3.923058365955247,3.605217954442021,3.759597600707112,21457800,-0.004830903169239065
1992-06-01,4.050195217132568,4.19549408753264,3.696030565069561,3.7505172907207616,35146800,0.08252452921470055
1992-07-01,4.034860134124756,4.2191005785124585,3.859831980785311,4.126980198183976,31214700,-0.0037862577445512136
1992-08-01,3.758503198623657,4.108559462894433,3.712442656155397,4.025651308752286,18386100,-0.06849232100112101
1992-09-01,3.684807062149048,3.86904701991961,3.4729305256143035,3.75850323501898,37450800,-0.019607841893442113
1992-10-01,3.8421592712402335,3.944991039936089,3.7206315759339006,3.729979860188234,31448700,0.042702970993389044
1992-11-01,4.244137287139893,4.281530422987792,3.767372558435585,3.842159151080468,21539700,0.10462294442309839
1992-12-01,4.384362697601318,4.477846196818281,4.1506549124063445,4.253486055456886,35294400,0.033039791357909465
1993-01-01,4.697534561157227,4.7164764858190775,4.3376428699122505,4.451293117261971,35502300,0.0714292783594852
1993-02-01,4.669121742248535,5.152134795976622,4.34711358168871,4.697534466088622,51692400,-0.006048453404394305
1993-03-01,4.697534561157227,4.87748073193506,4.527059515287991,4.669121836742123,33012000,0.006085259814837984
1993-04-01,4.6709723472595215,4.872390267117573,4.575059193214082,4.766885830596769,27936900,-0.005654501005131873
1993-05-01,4.527102470397949,4.79565901987587,4.498328295653199,4.728519717860498,23036400,-0.03080084105956682
1993-06-01,4.6709723472595215,4.690155241502056,4.364049990880667,4.536693734020821,19749600,0.031779681993574505
1993-07-01,4.575962066650391,4.760554970228843,4.391369163071938,4.760554970228843,20979900,-0.020340578694471145
1993-08-01,5.0325846672058105,5.090877600581347,4.498237225293999,4.5759605805408885,42642900,0.09978723466334771
1993-09-01,5.052012920379639,5.120020864230533,4.847989755931215,5.032582174579991,28971900,0.0038604920649283336
1993-10-01,5.280124187469482,5.319454910673325,4.994978216519278,5.112969373400718,22461300,0.04515255021808251
1993-11-01,4.975313663482666,5.378451180730572,4.965480728234764,5.289957464113365,35878500,-0.057727908125755234
1993-12-01,4.935980796813965,5.093302977309032,4.847487112482567,5.024474481145363,27564300,-0.007905605420898909
1994-01-01,5.5031819343566895,5.612648061422366,4.995654771811381,5.015558045662918,41389200,0.11491153650938779
1994-02-01,5.214591026306152,5.562893540587347,5.214591026306152,5.503184713848945,30436200,-0.05244073546775674
1994-03-01,4.72696590423584,5.204638502867878,4.617499395171045,5.204638502867878,29702700,-0.09351167131044036
1994-04-01,4.712615489959717,5.125472637827968,4.692475838634227,4.752894446895285,32038200,-0.003035861600622858
1994-05-01,5.548402309417725,5.62895956350199,4.591780768580503,4.712617341137996,44542800,0.17735094688685327
1994-06-01,5.880702018737793,5.961259968976346,5.518193316957713,5.548402634726062,59669100,0.05989106246964648
1994-07-01,5.56698751449585,6.024966749430085,5.56698751449585,5.963903130966982,53244900,-0.05334643776242176
1994-08-01,5.455038070678711,5.709471252623492,5.210782858926519,5.699293981251335,39917700,-0.020109519470922876
1994-09-01,5.017415523529053,5.505926827816236,4.834223871773945,5.455040102590774,39151800,-0.08022355508422874
1994-10-01,5.424630641937256,5.568738639108144,4.858493091327143,5.115828598620055,31966200,0.08116033374126119
1994-11-01,5.218764781951904,5.71284852816279,5.012896083168608,5.506980536172636,39537900,-0.03795020777890834
1994-12-01,5.239349842071533,5.506979116853102,5.033481903139939,5.218763436914502,40149900,0.003944431485170208
1995-01-01,5.635010719299316,5.707922213393495,5.187126593296742,5.291285717316092,41349600,0.07551717086167065
1995-02-01,6.312044620513916,6.332875655486616,5.624594003862664,5.63500987895107,51142500,0.12014775746492012
1995-03-01,6.228717803955078,6.364123826505502,6.082894117997975,6.312044807125841,38445300,-0.013201240100240819
1995-04-01,6.113181591033936,6.281531644125412,5.744917927016565,6.271009494878468,47489400,-0.018548956070506106
1995-05-01,6.292054653167725,6.376228968739095,5.965877374136914,6.123704577071583,39246300,0.029260223906343086
1995-06-01,6.53405237197876,6.649792349822404,6.176310293881913,6.281528849635925,45187200,0.038460841831563286
1995-07-01,6.855937957763672,6.983490539674644,6.590203837867674,6.622092165810501,35704800,0.049262780195230116
1995-08-01,8.227124214172363,8.227124214172363,6.845306918024764,6.866566285689048,77618700,0.19999980525727468
1995-09-01,8.854254722595215,9.01369558054192,8.184605162827335,8.216493480388696,78888600,0.07622718365459136
1995-10-01,8.494370460510254,9.254900120357783,8.16230749986664,8.976396508445555,77405400,-0.040645347729444725
1995-11-01,9.426291465759276,9.85475909249522,8.69789605899995,8.890706564582496,60116400,0.10971042640316409
1995-12-01,8.847858428955078,9.715505555015294,8.82643438933658,9.415577826519309,58594500,-0.06136379708874251
1996-01-01,10.235559463500977,10.300272971458371,8.908926995948256,8.908926995948256,63076500,0.15684032985932217
1996-02-01,10.224772453308104,10.742481944717833,9.750205296084175,10.224772453308104,61869600,-0.0010538759733982328
1996-03-01,9.858059883117676,10.828766055242284,9.663918648692754,10.24634235196752,41234400,-0.03586510818358435
1996-04-01,9.850643157958984,10.089578105415743,8.753713111850397,10.035274504881702,73350000,-0.0007523514004406096
1996-05-01,9.980971336364746,10.08414727924332,9.014369812771749,9.774617959119263,75177000,0.013230423264338986
1996-06-01,10.241623878479004,10.241623878479004,9.535678839439433,9.970106727866224,33777000,0.02611494746654519
1996-07-01,9.320405960083008,10.43622948918489,9.232890742656352,10.326834716249568,43986600,-0.08994842315306817
1996-08-01,10.162734031677246,10.589371453934891,9.353216004783016,9.386034556937954,40142700,0.09037461192159668
1996-09-01,10.490921974182127,10.709711433497375,9.93301080592268,10.009586966452677,27113400,0.032293272802566664
1996-10-01,11.498652458190918,11.564736415629495,10.529417301056284,10.562458901638694,25850700,0.0960573805132463
1996-11-01,12.456873893737791,12.633099301975935,11.498653057688362,11.50966742930592,27137700,0.0833333678907997
1996-12-01,12.038337707519531,12.467884456450568,11.52067752511404,12.467884456450568,40073400,-0.03359881377852458
1997-01-01,13.438427925109863,14.047755198959576,11.88741449848806,12.120066094089728,50563800,0.11630262014628401
1997-02-01,13.549212455749512,14.324718644294675,13.294404409713726,13.460583437874131,29583900,0.008243860908212719
1997-03-01,12.939881324768066,14.180693279975712,12.939881324768066,13.482737315883044,46076400,-0.04497170097313519
1997-04-01,13.397904396057127,13.631784063841256,12.384430678901689,12.919010701018646,36340200,0.035396234307988994
1997-05-01,15.48054027557373,15.56963810079978,13.676333403506856,13.676333403506856,42912900,0.15544489779532267
1997-06-01,15.814651489257812,16.68334416046922,15.435991483274282,15.502812937597817,31399200,0.021582658469050164
1997-07-01,17.857803344726562,17.969693141583875,15.692712649874046,15.73187415560355,38437200,0.12919360612256114
1997-08-01,16.414424896240234,17.874603798053016,15.989238019679826,17.857821156908585,35343900,-0.08082620357181614
1997-09-01,16.671777725219727,17.790687775361192,16.47037370107156,16.47037370107156,33585300,0.01567845541993007
1997-10-01,13.956777572631836,16.743638322210114,13.619656312599547,16.743638322210114,129118500,-0.16285006898099752
1997-11-01,15.035562515258787,15.327734606527263,13.754506560492857,14.204000067472109,39092400,0.07729470051470666
1997-12-01,15.496296882629396,15.99073963806656,14.018585916144335,15.05803947117052,66760200,0.030642975073465584
1998-01-01,15.315581321716309,16.0043019142704,15.18573956295409,15.626069045873134,34389900,-0.011661854588992937
1998-02-01,17.251901626586914,17.330936071891642,15.174449143826212,15.400258522162869,41940900,0.12642812990226182
1998-03-01,18.516435623168945,18.78740680803905,17.048668061136247,17.50028980361737,48252600,0.07329823830164073
1998-04-01,18.774452209472656,19.49458389945469,18.303816287668607,18.59867294064029,33661800,0.013934462957917448
1998-05-01,18.64403343200684,19.528606487059207,18.42289172564551,18.916211194239963,27421200,-0.00694660893488086
1998-06-01,18.780118942260746,19.47757004994207,18.18473369839605,18.575987214627474,30121500,0.007299145367347659
1998-07-01,18.05415725708008,20.360033671881723,17.388015181692936,19.061911695693592,29509200,-0.038655861947020975
1998-08-01,15.902010917663574,18.566580053848227,15.88493138879312,18.105404626431653,39785700,-0.11920502900087049
1998-09-01,18.07125473022461,19.16441081059471,15.628730741260393,15.936181182072072,38762100,0.1364131759054128
1998-10-01,20.026142120361328,20.11194497631721,17.023079867778193,17.984058028997392,42195000,0.10817662742958967
1998-11-01,21.36465072631836,22.61735610706249,19.90602100122417,19.97466140195548,32262900,0.06683806585973029
1998-12-01,21.22736930847168,22.445756204899915,19.66577722539396,21.313172176212305,34315800,-0.006425633613451387
1999-01-01,22.701589584350582,23.82116832252321,21.220304285811515,21.771478890629503,44775900,0.06944903320123386
1999-02-01,21.633684158325195,22.73603638637876,20.272964726568382,22.73603638637876,41562000,-0.04704099781460025
1999-03-01,23.09775161743164,23.838394354027223,20.772474608965368,21.70258541235188,49401000,0.06767536441743949
1999-04-01,24.12261009216309,25.17743284721303,22.479850643358237,23.344461379512666,37870800,0.044370486431155376
1999-05-01,25.799951553344727,27.287081244402977,24.174486425649786,24.20907186795655,38912700,0.06953399548279271
1999-06-01,24.62409019470215,27.01041343994041,24.08802996353106,25.730789774742995,42519000,-0.045576107234594376
1999-07-01,24.47536849975586,26.01917387506601,24.00702337000467,24.804946819619158,34133400,-0.006039682837836846
1999-08-01,24.926368713378903,25.81102063013765,22.51525964603384,24.47536863826919,49833300,0.018426697584861262
1999-09-01,21.57856750488281,26.19263184618202,20.676567433096103,24.943711601709737,58205100,-0.13430761804864122
1999-10-01,20.812780380249023,22.20493740769617,17.663018175231088,21.43925199852007,82386000,-0.0354883207358645
1999-11-01,22.90102195739746,24.293179158070984,20.325525081991778,20.812782969987357,55119300,0.10033457995502348
1999-12-01,22.431167602539062,23.22295607376401,20.534348447315057,22.692197469184592,40343100,-0.020516741817568795
2000-01-01,20.057315826416016,23.93599516154542,19.655469603696307,22.450913103177864,38397300,-0.10582827511191806
2000-02-01,20.63387680053711,22.468387344217685,20.057316343951783,20.12720139352402,59275200,0.02874566961555991
2000-03-01,21.17549705505371,22.18884485764723,16.98232932137971,20.703765685015384,77888700,0.026249078626974454
2000-04-01,22.401018142700195,24.419920920234564,21.34767868121685,21.48812501426027,41298600,0.05787448976806919
2000-05-01,24.946596145629883,25.525932977048512,20.610345597744143,22.33080150195444,54481200,0.11363671002423681
2000-06-01,26.263263702392575,27.948606758919656,23.524581235536072,24.75347614274148,57351300,0.05277944730721695
2000-07-01,28.155149459838867,29.053718025300387,26.111345372823,26.49896210999713,45790800,0.07203544003078122
2000-08-01,27.419553756713867,29.864188669963056,26.7808664313329,27.873241683254356,49586700,-0.02612650677540429
2000-09-01,29.43075561523437,29.88180125804057,24.490391167223372,27.432763109158117,54220800,0.0733491827170254
2000-10-01,34.493797302246094,34.7907905610223,29.430746862174285,29.529743536105105,54893100,0.17203233764038717
2000-11-01,37.26571273803711,37.947385295243926,32.52794458165157,33.942204167629754,55304100,0.08035982270964759
2000-12-01,37.42127990722656,38.679970231483225,33.121934781980904,37.47785262296575,44882700,0.004174538946377426
2001-01-01,31.52005958557129,38.26929512111748,30.55588493496772,37.80138664389338,60859200,-0.15769691299403332
2001-02-01,31.1003532409668,34.951384599066934,28.64170456060157,31.520052238769782,67818300,-0.013315531446413065
2001-03-01,30.445276260375977,32.86705768157504,28.15961043312833,30.91034814991887,61015800,-0.021063329265595843
2001-04-01,30.344470977783203,31.373966640200223,27.728078771820464,30.50088664900251,62682000,-0.003311031955521071
2001-05-01,26.86637306213379,31.069666358198827,24.958111789270475,30.14539496981372,107641800,-0.1146204828614713
2001-06-01,27.250307083129883,27.759365962651565,25.87954288404974,26.86922364502824,45489300,0.014290504345643162
2001-07-01,28.62464904785156,29.64909488128429,26.515823488649914,27.294861219241795,43711500,0.05043399916665536
2001-08-01,25.68257141113281,26.35317145144024,24.67809846499392,25.168919656339373,65229300,-0.10278126490915251
2001-09-01,23.670774459838867,26.20764213197495,21.54482925462053,25.71111238260132,53806500,-0.07833315905516669
2001-10-01,20.880083084106445,24.61501299813672,20.62230492807097,23.916144205917725,53445600,-0.1178960739314745
2001-11-01,26.130176544189453,26.35072184376352,20.009362693031115,20.880081330947345,67377600,0.25144025715488105
2001-12-01,26.536895751953125,27.181342764233012,25.319607497284508,25.83516543489112,38223600,0.015565115186874312
2002-01-01,26.44379997253418,27.31184435254021,25.29119409839705,26.58751407783699,38070300,-0.003508163889594851
2002-02-01,25.7827091217041,27.93845570375184,25.222215766935008,26.22823116749786,48389700,-0.024999843120758758
2002-03-01,29.14279556274414,29.18016321130235,26.08451339130364,26.30008788214086,46335600,0.13032324978648147
2002-04-01,31.43757057189941,31.74041154548113,28.905260104878003,28.95429175208137,53090400,0.07874244611209802
2002-05-01,30.58673477172852,32.01440552769621,28.48128529716456,31.610619792661254,52128000,-0.02706429869397775
2002-06-01,28.097692489624023,30.849201703435945,27.35645963669722,30.58962604755782,50096100,-0.081376528115225
2002-07-01,26.041637420654297,28.472189584308943,21.715831872799026,28.21177387237549,72573000,-0.07317522852558056
2002-08-01,24.62959671020508,26.041632186723696,22.395803018309422,26.041632186723696,55832100,-0.05422242417557388
2002-09-01,20.47162628173828,24.565952200359245,20.02313314125258,24.565952200359245,64151400,-0.1688200776240878
2002-10-01,10.501333236694336,21.557661052815245,10.082906702623758,20.776017139396917,255110100,-0.487029848426744
2002-11-01,12.648669242858888,13.011886526729391,9.923088513781355,10.504236001706612,87962400,0.20448222694821383
2002-12-01,11.94838809967041,12.860788857930617,11.858310151006876,12.756182449225884,57647100,-0.05536401733200813
2003-01-01,12.78691577911377,13.671193974200818,12.025614634689056,12.04025563738954,76534200,0.07017914654667856
2003-02-01,12.581948280334473,13.00652057029088,11.448782344477843,12.86890001468268,88771500,-0.016029471243886095
2003-03-01,13.387173652648926,13.583354919126224,11.574693884430664,12.620017458474376,66785700,0.06399846465535197
2003-04-01,15.435123443603516,15.58563810691087,13.43121428903302,13.5168015716056,58173600,0.15297850346098718
2003-05-01,16.55660629272461,16.671704947023215,14.452352892809529,15.438075418810913,82817400,0.07265784774697392
2003-06-01,13.853242874145508,16.943219105740905,13.575823704641111,16.60087172212799,95318400,-0.1632800448825692
2003-07-01,13.894197463989258,14.850575676937826,11.880459351890892,13.941719257209472,131754300,0.0029563178972473736
2003-08-01,14.161510467529297,14.28031497148416,12.931882576961188,13.231864586764852,73410300,0.01923918270435232
2003-09-01,13.261564254760742,14.770383886716608,12.994253716808146,14.078346218016796,63417000,-0.06354874466477478
2003-10-01,17.05998992919922,17.119796168787488,13.18747688303466,13.372879305731727,111456900,0.28642365270559145
2003-11-01,16.043272018432617,17.517518738083528,15.558833156944784,17.07195599427539,72881700,-0.05959663018478256
2003-12-01,17.194555282592773,17.338092293324106,16.049246770601137,16.129986553024526,47665200,0.07176112596217354
2004-01-01,18.65523910522461,18.77254970539676,16.919659085247602,17.31971442784001,57861600,0.08495036938295142
2004-02-01,16.67300033569336,19.238770406640995,15.911991271734886,18.6492160049358,107558100,-0.10625641185033652
2004-03-01,17.75285530090332,17.88821393536484,16.375220957194816,16.74519732343482,56843700,0.06476668526769114
2004-04-01,19.52166557312012,21.346431707884538,17.799789596653945,17.860311589465127,98880000,0.09963525541307128
2004-05-01,20.51726531982422,20.57173544995736,19.140367718396952,19.446009614951944,68129700,0.05099973375606659
2004-06-01,20.822904586791992,21.16788610309729,20.030054881813637,20.51726443499232,53637600,0.014896686385999836
2004-07-01,18.772008895874023,20.85778804701764,18.08482242877633,20.769997949594128,54794100,-0.09849229642145385
2004-08-01,20.149415969848636,20.191797946894106,17.839619873492765,18.75385075553761,63931500,0.07337558178322401
2004-09-01,21.07877922058105,21.311879187525424,19.995022351795424,20.094922337628727,60667800,0.04612358254567295
2004-10-01,19.2180118560791,22.04044901073451,17.564522485358072,21.08954164844861,115146900,-0.08827680887160294
2004-11-01,21.204620361328125,21.770924519675344,19.01813900832831,19.230126607122106,80406300,0.10337221769486082
2004-12-01,24.702381134033203,25.21720241290214,21.98593712939564,21.98593712939564,88096800,0.16495276562857542
2005-01-01,24.310518264770508,25.304143484258205,23.66223796260669,24.704332704996236,60145200,-0.01586336422940271
2005-02-01,27.50647354125977,27.71246983006993,24.425627859549927,24.431686115083814,74127000,0.1314638890739186
2005-03-01,27.05207252502441,28.094168788476143,25.622220157369817,27.37015435428077,67398000,-0.016519784535584225
2005-04-01,27.87189483642578,28.135524159983248,25.950740615574865,27.090099445353594,63047100,0.030305342063644103
2005-05-01,29.468828201293945,30.02941609490216,27.69615256464465,27.87796607288124,68846400,0.05729547180915495
2005-06-01,32.43238067626953,33.16569307901624,29.36277351342538,29.483983693992226,69294600,0.10056567077361622
2005-07-01,32.355567932128906,33.622512088226735,31.164400254958384,32.425281182768884,58608900,-0.002368396723859023
2005-08-01,34.95311737060547,35.595684495216496,32.44347770562915,32.567746175668475,67767000,0.08028137363947208
2005-09-01,35.72297668457031,35.83815375249916,33.81043727766366,34.95310964497569,64932600,0.02202548361572676
2005-10-01,35.12739181518555,36.32488117178128,32.65965253347862,35.16680436803391,71971500,-0.016672319181117223
2005-11-01,34.1118049621582,35.79132116632245,31.83202439588989,34.863644610455246,85230000,-0.02891153599933105
2005-12-01,33.86320495605469,35.15467376636212,32.77182076164232,34.37857957279411,58633500,-0.007287799821184993
2006-01-01,36.8726692199707,36.9333141328825,33.22785651315805,33.928312891691256,59706300,0.08887121782540919
2006-02-01,37.22138977050781,37.903655549579135,35.47782051170891,36.736219986787205,56566500,0.009457426270301994
2006-03-01,39.60779571533203,40.56296692360633,36.97273344134994,37.16073404944753,56807700,0.06411383238341828
2006-04-01,32.451995849609375,40.37695409434683,31.76049345826298,39.61569753164628,70296600,-0.18066645054303465
2006-05-01,28.12707901000977,32.82503558958767,26.70465057361848,32.67035608325065,177140700,-0.13327121264412667
2006-06-01,29.877058029174805,30.32895888591716,26.85629388657436,28.26052448202872,100836000,0.062216877143277394
2006-07-01,27.68247604370117,32.00549266980245,27.6278682680536,30.12763302343007,90552000,-0.0734537511468043
2006-08-01,34.301998138427734,35.582220487366904,27.621801393452568,27.682476121266088,107289600,0.23912319419247763
2006-09-01,35.2879638671875,36.25571161707104,33.59212607434522,34.61448161898785,63183000,0.028743682067174037
2006-10-01,35.496177673339844,36.77061872447366,33.59665621008473,35.29894597329122,60159000,0.005900419954406821
2006-11-01,38.24837112426758,38.33333457683138,35.14116456431731,37.926727488747495,68879100,0.07753492435876641
2006-12-01,39.9233627319336,40.25107653411007,37.66274797551573,38.24838377725622,34762500,0.04379249516859263
2007-01-01,40.18305587768555,40.362122872026944,38.54417053198503,40.3135633319562,46585500,0.006504791379815966
2007-02-01,43.248382568359375,44.52307312809617,40.05862401971397,40.246794412395374,58825800,0.07628406112278951
2007-03-01,43.29695129394531,44.71428515518651,41.60039914363423,43.11181648454759,63502500,0.001123018311937285
2007-04-01,47.22960662841797,47.5665480172014,43.37450009894993,43.450386860241714,52622100,0.0908298440639308
2007-05-01,50.884368896484375,51.42165551383157,45.54489359338358,47.53012187620042,66437100,0.0773828648800845
2007-06-01,47.55439758300781,52.46586285441848,46.61642072124344,50.87525302470559,48361200,-0.06544193011906707
2007-07-01,47.03480911254883,50.131602773319976,45.68679407036237,47.563087108889285,38894800,-0.010926191832249077
2007-08-01,47.071250915527344,47.47201108654134,39.17442745577037,44.420760741904736,62452800,0.0007747836903368999
2007-09-01,48.53767776489258,49.776395540295496,46.37902834400298,47.31717683612891,31332000,0.031153343513152798
2007-10-01,47.81822204589844,50.077493621289385,45.17633001953925,48.78387639918721,30919200,-0.014822623415958414
2007-11-01,48.83852767944336,49.576432692226064,43.91914471006973,47.071192073136494,46146400,0.021337172104926472
2007-12-01,48.94785690307617,51.8357185222789,47.71801263183797,49.084507811070175,37990300,0.002238585576338492
2008-01-01,44.82004928588867,51.9180007947036,43.68109699535251,49.020505889515086,50903200,-0.08433071187082108
2008-02-01,40.61959457397461,45.74032289929978,40.45558517246896,45.24829469478284,42237600,-0.09371820823134502
2008-03-01,36.96582412719727,41.12072208265272,33.48518725396519,40.49201838316479,64629900,-0.08995093341277083
2008-04-01,38.95173263549805,40.58422241713014,35.93299831823678,37.392204923648,46105100,0.05372282520923588
2008-05-01,37.02740859985352,39.15238232101906,35.15779869264102,38.213018106937,58869600,-0.04940278404691101
2008-06-01,32.275856018066406,38.696371978376895,31.984014699781653,36.93620207052156,65838000,-0.1283252801495245
2008-07-01,33.762428283691406,34.65619283943618,29.93200627405433,32.18465992190513,70331000,0.04605833737741594
2008-08-01,38.19476318359375,40.25589256479615,31.09936325363562,33.096656054200686,55255900,0.1312800981807145
2008-09-01,30.989931106567383,39.6539790606132,28.90144045166447,38.20389089545934,55093100,-0.1886340292881079
2008-10-01,14.865677833557127,32.18465085344206,8.955887032005258,31.190565462931215,169982400,-0.5203061993769068
2008-11-01,11.044378280639648,17.63817371497899,7.296038707680701,14.965999259969143,138476900,-0.25705518414313033
2008-12-01,15.367283821105955,15.905366883067472,10.041174751172967,10.734298724877828,100434000,0.3914123032207424
2009-01-01,15.832405090332031,17.1639313647667,12.777188429765252,15.42200220327409,95698400,0.03026697981508364
2009-02-01,14.373197555541992,21.03083268661847,14.209036393817636,15.513203690281893,127146900,-0.09216587918667496
2009-03-01,16.042163848876953,17.62905192068742,11.564220621653192,14.272874129474516,127019600,0.11611656257319325
2009-04-01,18.02927017211914,19.941049936759622,15.404004391289796,15.733306703194485,89773500,0.12386772395304368
2009-05-01,20.279504776000977,22.52973314816347,16.96819110636958,18.06586458943181,99781200,0.12481007730205573
2009-06-01,22.03577995300293,23.417018332490848,18.1573365588419,20.535627796736968,121545800,0.08660345488714061
2009-07-01,25.978256225585938,26.67344921652225,21.13020199934809,21.84368821119288,118155200,0.17891249054906933
2009-08-01,26.920425415039062,28.301663883159517,24.231126594904364,25.859341859147207,83689000,0.0362676070815402
2009-09-01,25.694690704345703,30.186001731484158,25.1092657745252,26.91127797706888,106220300,-0.04553177343210202
2009-10-01,25.46601104736328,27.551590154973777,24.54213616066888,25.557484136633786,94423700,-0.008899879730552507
2009-11-01,29.344446182250977,30.41467518294612,25.219025128180515,25.54832743282729,71541900,0.15229849416441144
2009-12-01,32.26243209838867,34.869403492164295,29.216390277242123,29.481660285422866,77039900,0.09943912037101743
2010-01-01,30.89033889770508,35.91218942363629,30.8354540078572,32.26242973923497,82770600,-0.042529130987372765
2010-02-01,31.33855438232422,32.60087897775809,29.27127231071902,30.81716012344214,78289500,0.0145098921090967
2010-03-01,33.460723876953125,34.768780610627,30.597626659012047,31.63126940991991,80074700,0.06771752993896452
2010-04-01,29.35990524291992,34.44248305697224,29.304957190555307,33.554175424238124,95724400,-0.12255618405367918
2010-05-01,30.651161193847656,31.685990195936103,28.18771222540438,29.662117004843218,94385400,0.04398024926320643
2010-06-01,28.444122314453125,32.91312731799401,28.343387716370557,30.28484006543326,71315700,-0.07200506582561483
2010-07-01,28.16939163208008,29.350746866019943,26.667513064471937,28.370862593411623,76506700,-0.009658609934800055
2010-08-01,29.50642967224121,32.05229669156126,28.380019061008426,28.64559607201719,63081200,0.047464214265759086
2010-09-01,32.7666130065918,33.004717804507,29.66211882316925,29.9276959079885,50353700,0.11049060732067062
2010-10-01,32.19882583618164,33.66407249232386,31.43873022500274,33.013869506999725,57407000,-0.017328222794828707
2010-11-01,33.70986557006836,35.30332093251332,31.933250001864096,32.345351731263214,63757900,0.046928411041273765
2010-12-01,33.57249450683594,35.120161442130616,32.92229154822901,34.09448882497653,51990300,-0.004075099704770047
2011-01-01,38.4810676574707,39.0763224320708,33.66406394786395,33.755644024018146,64229300,0.14620817495808347
2011-02-01,38.52686309814453,40.29431872154052,37.60192686459726,38.62759945389612,40821800,0.0011900771850059666
2011-03-01,40.55073165893555,40.559891413982506,37.2997138084388,38.71917191291789,51852000,0.05253136118648816
2011-04-01,42.92547607421875,43.255457565451714,39.23148134512141,40.817239428723056,48205000,0.0585623074635675
2011-05-01,45.73033905029297,45.831168179750925,41.6788654615905,43.24629057414423,59083700,0.06534261777841599
2011-06-01,47.14195251464844,47.49027046530576,43.79627494143518,45.71201842508806,61826800,0.03086820464643858
2011-07-01,45.6203498840332,48.53521275763443,44.25457939429538,47.19694334932824,47889800,-0.0322770388040764
2011-08-01,42.84298324584961,46.18865686955398,36.884930590786944,46.10616061600285,100343200,-0.06087999424036972
2011-09-01,38.44316864013672,43.83291303850166,37.792367127679285,42.89795712780085,64505100,-0.102696270716375
2011-10-01,40.64308547973633,43.64960939271862,35.55582583544068,37.9298808023308,73019900,0.05722516944929401
2011-11-01,40.54225158691406,40.84473898002347,37.17824546824315,39.32314431250027,83148700,-0.0024809605774772647
2011-12-01,38.49817657470703,40.76223712552538,37.444058436505394,40.15726591921703,54687500,-0.05041838901879847
2012-01-01,41.09223556518555,43.53961877365359,39.15815930861958,39.24982026527599,64244200,0.06738134689170683
2012-02-01,40.4322624206543,42.192177830760976,37.709889555464365,41.24805676158756,86290100,-0.016060774875202855
2012-03-01,45.143699645996094,45.73033802609579,39.46980241120871,40.54225004420836,71689700,0.11652667803558336
2012-04-01,42.414432525634766,45.53381683743202,41.946526628791865,44.97416228444604,59068900,-0.060457320551116855
2012-05-01,40.28590774536133,43.05665382268309,39.17577539149137,42.33185527765278,50237700,-0.050183974027873224
2012-06-01,40.36847686767578,42.588741415468654,38.66199069465669,39.7446001270053,61369500,0.0020495783000933354
2012-07-01,36.95551300048828,40.808869194646014,35.79033127631121,40.643725107764006,65802600,-0.08454527225227959
2012-08-01,41.99240112304688,42.40526134489608,36.698624166977886,37.18487981723722,54076400,0.13629598708295698
2012-09-01,43.27683639526367,43.96493536826335,41.43273268755959,41.96486423994181,39091200,0.030587326227264677
2012-10-01,46.79074096679688,46.79074096679688,43.38694476780445,43.4419904584476,48303400,0.08119596680865016
2012-11-01,47.95592880249024,49.31377751214452,45.26775423207248,47.29535243028137,57054400,0.024902102672838433
2012-12-01,49.04769515991211,50.029382772177335,47.102669661761205,48.09353038728999,34002300,0.022766035080216795
2013-01-01,53.524940490722656,54.258912232997154,49.4605678118018,49.63488500688782,41349800,0.09128350101290605
2013-02-01,53.635032653808594,57.08470491712336,51.35054550323208,53.80017672491692,39773600,0.0020568385891996943
2013-03-01,57.22232055664063,57.97464196432292,52.78178752844478,53.45153690358375,37358100,0.06688329857066488
2013-04-01,60.74991989135742,61.45685202317601,56.81132252969247,57.20610090079038,43700100,0.061647261075772786
2013-05-01,62.33820724487305,64.14684261466813,59.978720205183485,60.77745267496984,39053200,0.026144682270463182
2013-06-01,66.55223846435547,67.13981458867777,60.17152570595252,62.448381436586416,41484000,0.06759949324383241
2013-07-01,71.45482635498047,72.75851028404716,65.29445364338991,67.17653077929236,31366300,0.07366525910696087
2013-08-01,72.24439239501953,73.43790334293028,69.58193411974175,71.66599210841927,27510300,0.011049862973798064
2013-09-01,70.56427764892578,77.74372892784982,70.05932620807492,72.94212333257518,35517900,-0.023255988325117105
2013-10-01,70.67445373535156,73.91530492441291,66.68994612010852,70.60100497643944,43028300,0.0015613578158333308
2013-11-01,80.28684997558594,81.31511178948053,70.33477233021766,70.68364349706698,30760600,0.13600948761810128
2013-12-01,80.31437683105469,80.87440431455842,76.21969637676807,80.21338654604779,24527900,0.00034285633920272396
2014-01-01,79.2402114868164,83.20635329105481,77.807995753315,79.86451190991222,26189600,-0.013374508856587974
2014-02-01,73.07066345214844,79.56155614674037,69.19633570156488,79.37793423627642,57375400,-0.07785880323772765
2014-03-01,76.8715591430664,77.45913526823578,70.15115108253919,72.31783366631383,50293400,0.052016712471853355
2014-04-01,73.52101135253906,77.82902882872543,67.48611609236617,77.09418334174916,39991900,-0.04358631238754518
2014-05-01,82.46771240234375,82.91780154754908,75.04580021395235,76.21236680467509,39458900,0.12168903671502207
2014-06-01,84.4793472290039,85.60916385157424,81.89821472585834,82.78920553071244,27656500,0.024392999006032534
2014-07-01,82.70655059814453,89.35687538226001,80.21727167631134,84.50691445647385,38376100,-0.020984970753310073
2014-08-01,86.89514923095703,87.85963309297755,81.43894686365921,82.87188790848403,25381000,0.0506440977470346
2014-09-01,83.3035888671875,89.16395554339194,83.15661699678519,87.189064834889,24654800,-0.04133211572286488
2014-10-01,91.46036529541016,91.62570519412584,78.76595709670467,83.39546725273706,42962300,0.09791626674364728
2014-11-01,94.50993347167967,96.03473507144028,90.12843800982144,91.52463572063448,33807300,0.0333430570326243
2014-12-01,94.52832794189452,97.11864809020229,91.74510542440976,94.2711271189938,24926800,0.00019463001971486982
2015-01-01,98.12906646728516,103.75060908022722,92.47077386747978,95.19887872752832,29993000,0.038091634579678235
2015-02-01,111.7236328125,112.44929074393956,96.65936464187342,98.35868680658376,27203900,0.13853761005407184
2015-03-01,118.89755249023438,120.44990995466416,109.03228408183088,111.53075041227184,37049100,0.06421129976836681
2015-04-01,114.52603149414062,124.0453652713436,114.19524329259272,119.129487780125,37830800,-0.03676712349863387
2015-05-01,129.40225219726562,133.53709652955683,114.28709482081996,115.44485319674604,38769200,0.12989379365586506
2015-06-01,148.85443115234375,156.8300815977754,124.5139700479771,129.4390308000147,90788100,0.1503233415553269
2015-07-01,132.37014770507812,154.69830991323548,131.68100698273133,150.49913904851238,73166000,-0.11074096565116653
2015-08-01,129.365478515625,137.6994929597705,114.09412597785852,132.47121024303215,42251800,-0.022698994006923323
2015-09-01,124.06375122070312,132.9215089469707,120.78343358988596,127.61971401326257,31699600,-0.040982550799141704
2015-10-01,123.16324615478516,131.52482738334297,117.33771221942318,123.71456444129028,39113900,-0.007258405916777511
2015-11-01,124.02699279785156,125.28583316244315,117.09883512563844,123.6318920407742,28009700,0.007013022716053641
2015-12-01,134.4559783935547,136.4958364707052,124.09130093049058,124.30263353614656,30365200,0.08408641829042063
2016-01-01,122.75895690917967,136.119094092775,118.63329548944714,132.9674301418109,32955100,-0.08699517584958294
2016-02-01,128.28128051757812,131.60752940426255,113.51528861329696,122.52005873256556,25292500,0.04498509719729871
2016-03-01,126.10358428955078,133.9230302720843,125.129586837536,129.22768367564876,22094500,-0.016975947069135633
2016-04-01,127.33453369140624,131.35108674769458,118.97975888965412,125.66174711565615,30835000,0.009761414862158313
2016-05-01,117.74812316894533,128.48340698479086,114.44848826688492,127.97790366670978,35020400,-0.0752852368053859
2016-06-01,117.63782501220705,121.11209440725744,112.01283144483811,117.7481216161528,33413900,-0.0009367296375503154
2016-07-01,118.52936553955078,136.93928275005246,115.20215159125192,117.95031718999331,48860300,0.007578689314012843
2016-08-01,117.88597869873048,123.61208951957562,113.53855783904817,118.33635122019756,31138300,-0.0054280796821241095
2016-09-01,119.77936553955078,122.76649657181858,115.73524126571088,118.18009649187483,23323400,0.01606117081709124
2016-10-01,109.21869659423828,119.6874407529333,106.8933312420381,119.30141321883131,22486100,-0.0881676814511545
2016-11-01,123.84190368652344,130.51469204800142,105.72609061240784,109.88050586364648,32289000,0.1338892291180902
2016-12-01,122.6010513305664,129.31979628902104,120.43193402571744,123.31796167478952,24219000,-0.010019648592434094
2017-01-01,134.39332580566406,137.15986368730364,122.72053950182708,123.07899466937916,26610800,0.09618412197218773
2017-02-01,136.85653686523438,138.50176440357458,130.45028926206098,135.11021990488106,29641100,0.018328373412919152
2017-03-01,134.64149475097656,142.30692946354242,132.21502570438676,137.86759133945787,29935500,-0.016185139307149154
2017-04-01,143.76025390625,146.24253600993552,134.8700483972025,134.8700483972025,21860200,0.06772621747952856
2017-05-01,148.22833251953125,151.58400320801462,142.79492837980573,144.04524386857966,28762200,0.031080069016816037
2017-06-01,153.8916015625,159.2422811221828,148.2007634427963,148.743182235347,40502300,0.038206387042926115
2017-07-01,159.56402587890625,161.6233961226714,153.35834951434532,154.70062050047065,23203800,0.036859869276898216
2017-08-01,167.3785858154297,167.48890446471526,156.79676317930924,159.96855060108197,26624400,0.04897444705020115
2017-09-01,171.8650665283203,173.17055533001417,165.5214775851845,167.9485860949261,26655400,0.02680438893083914
2017-10-01,181.3161163330078,186.1703342976137,168.3163710819515,172.57301086878007,31454000,0.05499110433317833
2017-11-01,194.65597534179688,195.32711785075335,179.50493530635083,182.21704291888935,27815000,0.07357238440012082
2017-12-01,186.7127227783203,194.86745131362017,185.93127559816725,194.55485841324585,24878100,-0.040806620755047374
2018-01-01,191.5485382080078,208.8141067625642,185.06705157797973,187.6780289290856,28125000,0.025899763860382174
2018-02-01,180.0933074951172,192.734498907509,172.04891295995876,190.60159245119436,29902600,-0.05980327921088635
2018-03-01,154.21336364746094,180.31397862571356,149.87398579585823,179.6520386803292,92136000,-0.1437029737951696
2018-04-01,158.00108337402344,163.5093181900376,150.62610194172714,155.26994968475648,41716700,0.02456155314283537
2018-05-01,155.74815368652344,165.51403345197795,152.87908895828335,158.1758270792445,40150600,-0.01425895088432283
2018-06-01,156.28147888183594,167.45430284953665,150.7824344994375,156.52057691905432,42529200,0.0034242794067782523
2018-07-01,164.98983764648438,167.04968686293776,153.45839478904506,155.84008623734832,40452000,0.055722270015327924
2018-08-01,173.1924591064453,177.81791240806876,164.20823665968948,165.42206630956704,67918900,0.04971591933762798
2018-09-01,191.5011444091797,191.94253567513525,167.16003744026236,172.4108072855909,55894300,0.10571294730264058
2018-10-01,196.6139678955078,198.62783569693156,185.0457339289993,192.3931297545261,54153400,0.02669865760908241
2018-11-01,205.4143218994141,205.9476761845884,190.5264254881126,201.3957763785401,47477600,0.04475955649592156
2018-12-01,174.64540100097656,208.3845556496941,162.3231214620922,206.7385252249906,69048800,-0.1497895600166781
2019-01-01,183.73997497558597,185.79982462419247,169.47739533803897,172.59474887706094,58114900,0.052074511681865276
2019-02-01,160.41041564941406,183.34458270933013,159.30693017273725,179.31684598630173,59131000,-0.126970515421436
2019-03-01,147.88580322265625,165.83586616702948,145.82595372325977,161.844920916552,54116200,-0.07807854855342466
2019-04-01,146.10073852539062,157.18430932420878,130.56534793477533,149.57757449877832,68227800,-0.012070561597978702
2019-05-01,136.14845275878906,150.837622425022,132.8463685122952,146.1742415795687,58565000,-0.06811933921108804
2019-06-01,144.9141845703125,149.56836042513933,135.67021142550598,135.77138977169807,34804600,0.06438363149857795
2019-07-01,156.2920684814453,170.87087183629805,144.7026225469438,146.1742908694979,45202900,0.07851463226232513
2019-08-01,141.62130737304688,159.1342561304545,133.83980966762553,156.4024547896686,42780400,-0.09386759834290714
2019-09-01,139.61610412597656,153.56944932658223,136.24965479058076,140.56350878737305,45738000,-0.014158909307258272
2019-10-01,164.1471405029297,165.1037241499014,134.7503932476911,140.6922938966763,48287500,0.1757034872912555
2019-11-01,183.8860015869141,188.77933334073376,163.72403252430152,164.83699420169373,38760200,0.12025102005131849
2019-12-01,188.0895233154297,190.6557539044328,173.65788851301053,183.8860391544932,38568900,0.022859389470866187
2020-01-01,176.9507293701172,197.24146935774732,175.7641821868137,188.91729532632544,35638900,-0.05922070378493405
2020-02-01,168.26785278320312,206.6234275831665,160.2472128898338,178.27525977713273,46880500,-0.04906945915296346
2020-03-01,162.9698028564453,194.94199030967545,108.99606296873112,168.70015450000403,91914100,-0.03148581169324027
2020-04-01,180.11489868164062,186.5272036745172,146.63660113358384,156.14006034689714,46350300,0.1052041269283357
2020-05-01,181.5317230224609,188.59721182990705,162.39600311214346,176.63738864069342,28203200,0.007866225121801573
2020-06-01,172.63540649414062,199.9130060122055,166.57270074625646,180.72209313201316,38249100,-0.04900695250504261
2020-07-01,158.87242126464844,178.95572196578848,157.12443903837155,172.9206146585337,43108500,-0.07972284196497847
2020-08-01,163.177978515625,172.22144624835292,157.1704686219073,159.97642986762705,36388900,0.027100721551945206
2020-09-01,155.85484313964844,170.42741908680728,146.1305836632908,161.91754795831625,45259000,-0.044878208705565914
2020-10-01,153.61013793945312,169.9214936887606,147.53822178355531,155.79971017202536,36300200,-0.014402537354479383
2020-11-01,192.40591430664065,206.96010280447567,154.19888834506463,156.29645576893807,49019600,0.2525599995390879
2020-12-01,191.5227203369141,202.74656320481716,176.2049557253358,196.44465212101295,37389700,-0.004590264144993972
2021-01-01,199.68299865722656,212.42479853912127,175.60696255607525,192.40590476903623,36044200,0.0426073643166589
2021-02-01,193.1051177978516,204.92694730941523,185.49684124182832,200.65821146008548,36797600,-0.032941616980955324
2021-03-01,222.39747619628903,228.9293700036986,194.1538877173764,195.3774710872848,46705600,0.15169125879460932
2021-04-01,230.06118774414065,237.20295730185188,219.7689041105969,223.9080016221755,28598700,0.03445952570562261
2021-05-01,239.1523895263672,252.05007249151453,230.9758391803251,231.43779085868576,28006100,0.03951645156390815
2021-06-01,219.0297698974609,240.79693016496037,213.5602497607647,240.27954655415977,43990100,-0.08414141154415566
2021-07-01,212.8681640625,221.8192139330363,208.38799674547167,221.06788407523956,39110100,-0.028131362407244787
2021-08-01,196.3202972412109,217.4039856032074,185.19873563189205,213.3412221479329,48888600,-0.0777376311491581
2021-09-01,185.6625213623047,203.67593942250963,185.60686939487715,197.44266430577017,46631700,-0.05428769224921981
2021-10-01,199.05601501464844,204.1905946043187,183.81067763424124,187.30517720903669,34166500,0.0721389193363775
2021-11-01,178.82518005371094,211.3100476102012,178.67609221660717,199.25170674817676,46186000,-0.10163387908397903
2021-12-01,213.9844665527344,217.02234562200556,179.25380499685153,182.14259626221573,40035100,0.1966126162348234
2022-01-01,215.83786010742188,229.15562133003505,210.1717155517808,214.92940318787447,35389400,0.00866134623949777
2022-02-01,222.6934356689453,223.95778716574628,199.63551941465136,214.90132688224853,34597800,0.03176261828259164
2022-03-01,224.4073486328125,231.12242844874916,209.99380600231177,222.04723229423809,37711400,0.007696288661220629
2022-04-01,232.2158660888672,254.03727190851043,226.560561418725,227.9061606948003,26450200,0.03479617536425428
2022-05-01,252.45643615722656,257.43421750427075,227.3509924012756,232.62050501197555,34934000,0.08716273529997931
2022-06-01,247.9679412841797,255.5522653760281,225.9395302646396,255.27940085927085,41188400,-0.017779284780252147
2022-07-01,260.23748779296875,266.82470345276727,242.29040900627703,249.27457137252367,40602000,0.049480374137266914
2022-08-01,267.8832397460937,277.81602213939493,255.8995899072935,258.93332089568105,42906400,0.02937990224993059
2022-09-01,262.23162841796875,280.0180599087823,258.1394403440227,269.1968708315993,43985300,-0.021097293483092416
2022-10-01,306.5110778808594,308.50351005819266,265.02115989517563,266.3684323821112,40480000,0.168856250216751
2022-11-01,312.0424194335937,314.0917466126253,274.77453402721767,306.6438909002864,44653100,0.018046139118287785
2022-12-01,314.3669128417969,322.68765408147806,305.1258592565628,311.7672801964257,27780900,0.007449286582325909
2023-01-01,301.4803466796875,312.1811898566465,285.124395283358,311.65755419835045,32503200,-0.04099211983099016
2023-02-01,278.0889587402344,300.9853501243958,270.63452103419326,299.89051753778625,33320400,-0.07758843386333791
2023-03-01,243.2730712890625,277.9937273735141,238.58906913270644,275.0614775533617,45088200,-0.1251969427656915
2023-04-01,242.1731109619141,257.4422043942103,236.18786723137163,248.34001793832235,34270800,-0.004521504666833431
2023-05-01,236.5511932373047,257.5377915288932,229.94446922715323,242.17311046456973,39447600,-0.023214458873155208
2023-06-01,268.28448486328125,269.718649932923,237.93754673759264,237.93754673759264,35253700,0.13414978462671368
2023-07-01,283.4751281738281,285.7037434228784,256.9719848785498,267.9613311723922,28926000,0.056621400668354305
2023-08-01,265.3773193359375,291.3809305192097,255.09881192991523,284.1379742967513,32010600,-0.06384266921221027
2023-09-01,274.8008728027344,282.7642843422309,264.0708788831663,266.8662489874516,21729900,0.035510018302912005
2023-10-01,298.3460693359375,305.0424547428986,271.8114102711611,275.6806259876612,28206000,0.08568093795722787
2023-11-01,253.65208435058597,308.68980798896,250.31354955100304,296.94700056663225,46304800,-0.1498058448862154
2023-12-01,288.9383239746094,293.0294764943896,245.03551010327644,254.6941206155398,49534200,0.13911275247102806
2024-01-01,291.75067138671875,305.274234631935,282.5313604663834,292.08027482857,35392000,0.009733383143582186
2024-02-01,325.8649597167969,336.52871410686475,292.5067935700631,294.3487088659483,35040400,0.11692959665844005
2024-03-01,352.0880432128906,354.53100142973983,320.60087827212544,325.7291823130978,30759500,0.08047224076772097
2024-04-01,347.57086181640625,354.9790208567117,336.6094815659153,353.07101082172824,28336000,-0.012829692696360806
2024-05-01,335.4801940917969,352.11693998494803,320.576238937496,340.6883106010824,42749000,-0.034786194853686836
2024-06-01,321.8028564453125,336.784677978508,319.55412305672024,331.576561065401,28610900,-0.04076943404516409
2024-07-01,340.8200378417969,347.5549004963841,309.4231642056039,323.1372908317279,25804900,0.05909575075420803
2024-08-01,353.6642150878906,354.3582218106834,314.1248935820537,328.43530325688965,30543100,0.03768609770548714
2024-09-01,338.6402893066406,362.481159945289,334.3100330118105,354.123665662368,25099600,-0.042480763222019324
2024-10-01,308.9057006835937,352.1491700689176,302.0860367363809,339.4911170073533,38164600,-0.0878058209905499
2024-11-01,331.4644470214844,341.10027714313617,300.9085026958761,307.4239519193842,36252300,0.07302793793694717
2024-12-01,270.9609375,332.9461510989295,257.115558615271,329.8650581797596,52059500,-0.18253393407698637
2025-01-01,289.9039306640625,304.1227558733593,265.0530496689124,274.73919451649726,37443000,0.06991042081134857
2025-02-01,304.32965087890625,310.5472947711002,281.09475294509946,287.8445017707562,35178700,0.04976034709774302
2025-03-01,324.1847229003906,328.0276360938405,301.284875501185,303.6103198697117,34904800,0.06524198994131125
2025-04-01,336.7093200683594,340.54140862215064,304.8147949381871,327.3617823562797,39248000,0.03863413752478739
2025-05-01,313.5385437011719,346.57176989222853,293.35815980789016,336.3825513961722,39328000,-0.0688153697749837
2025-06-01,327.3419494628906,329.31247792461147,305.3594170064756,312.5086981811022,38939400,0.044024589764231736
2025-07-01,266.0363464355469,337.1869986316792,262.8922226654879,330.252023594111,39195100,-0.18728306325521438
2025-08-01,299.3580322265625,306.8701094074044,255.599064485829,268.1357213765895,39472400,0.12525238087754498
2025-09-01,286.80145263671875,306.75068290340363,281.3788284637286,299.765971553482,30035300,-0.041945023143192595
2025-10-01,244.41000366210935,315.4700012207031,240.6699981689453,287.9800109863281,43497000,-0.14780765085002956
2025-11-01,277.2799987792969,281.0,239.50999450683597,242.7400054931641,47103000,0.13448711028468985
2025-12-01,274.1000061035156,278.69000244140625,271.3099975585937,277.07000732421875,5047871,-0.011468525280514008
