Date, Close_PFE , High_PFE , Low_PFE , Open_PFE , Volume_PFE ,return_PFE
1/1/1985, $0.4184 , $0.4462 , $0.4091 , $0.4449 ," $265,858,430.0000 ",
2/1/1985, $0.4304 , $0.4370 , $0.4023 , $0.4210 ," $263,516,019.0000 ",2.86%
3/1/1985, $0.4584 , $0.4691 , $0.4237 , $0.4344 ," $259,807,627.0000 ",6.52%
4/1/1985, $0.4758 , $0.4825 , $0.4464 , $0.4584 ," $214,798,454.0000 ",3.79%
5/1/1985, $0.5346 , $0.5440 , $0.4651 , $0.4771 ," $294,141,889.0000 ",12.36%
6/1/1985, $0.5333 , $0.5522 , $0.5051 , $0.5414 ," $217,135,806.0000 ",-0.24%
7/1/1985, $0.5199 , $0.5791 , $0.5091 , $0.5320 ," $242,340,741.0000 ",-2.53%
8/1/1985, $0.5224 , $0.5400 , $0.5075 , $0.5265 ," $178,400,040.0000 ",0.48%
9/1/1985, $0.5142 , $0.5319 , $0.4776 , $0.5237 ," $202,669,021.0000 ",-1.56%
10/1/1985, $0.4966 , $0.5319 , $0.4749 , $0.5156 ," $273,793,788.0000 ",-3.43%
11/1/1985, $0.5794 , $0.5848 , $0.4980 , $0.4980 ," $249,798,000.0000 ",16.67%
12/1/1985, $0.5536 , $0.6151 , $0.5194 , $0.5823 ," $310,053,070.0000 ",-4.44%
1/1/1986, $0.5290 , $0.5796 , $0.5058 , $0.5536 ," $410,769,097.0000 ",-4.44%
2/1/1986, $0.6109 , $0.6192 , $0.5309 , $0.5337 ," $299,755,071.0000 ",15.48%
3/1/1986, $0.6633 , $0.6730 , $0.5709 , $0.6137 ," $296,266,752.0000 ",8.58%
4/1/1986, $0.6536 , $0.7157 , $0.6109 , $0.6633 ," $206,068,804.0000 ",-1.46%
5/1/1986, $0.6936 , $0.7033 , $0.6330 , $0.6523 ," $187,339,645.0000 ",6.12%
6/1/1986, $0.7943 , $0.8040 , $0.6735 , $0.6998 ," $242,687,293.0000 ",14.51%
7/1/1986, $0.7415 , $0.8095 , $0.7109 , $0.7929 ," $251,874,802.0000 ",-6.64%
8/1/1986, $0.7600 , $0.7950 , $0.7377 , $0.7461 ," $160,414,586.0000 ",2.50%
9/1/1986, $0.6483 , $0.7628 , $0.6315 , $0.7614 ," $297,005,397.0000 ",-14.71%
10/1/1986, $0.6678 , $0.6916 , $0.6287 , $0.6539 ," $230,775,408.0000 ",3.02%
11/1/1986, $0.6818 , $0.7014 , $0.6483 , $0.6706 ," $171,582,770.0000 ",2.09%
12/1/1986, $0.6864 , $0.7258 , $0.6695 , $0.6836 ," $219,556,631.0000 ",0.68%
1/1/1987, $0.7624 , $0.7807 , $0.6878 , $0.6878 ," $311,831,382.0000 ",11.07%
2/1/1987, $0.8257 , $0.8724 , $0.7605 , $0.7633 ," $267,462,197.0000 ",8.30%
3/1/1987, $0.8200 , $0.8639 , $0.8002 , $0.8257 ," $297,463,253.0000 ",-0.69%
4/1/1987, $0.7988 , $0.8568 , $0.7336 , $0.8129 ," $270,897,394.0000 ",-2.59%
5/1/1987, $0.7379 , $0.8073 , $0.6911 , $0.7973 ," $225,658,031.0000 ",-7.62%
6/1/1987, $0.8212 , $0.8440 , $0.7356 , $0.7485 ," $223,925,251.0000 ",11.29%
7/1/1987, $0.8426 , $0.8582 , $0.7998 , $0.8226 ," $192,285,012.0000 ",2.60%
8/1/1987, $0.8119 , $0.8779 , $0.8119 , $0.8435 ," $228,463,352.0000 ",-3.63%
9/1/1987, $0.7947 , $0.8349 , $0.7689 , $0.8134 ," $224,717,016.0000 ",-2.12%
10/1/1987, $0.6039 , $0.7990 , $0.4935 , $0.7919 ," $452,307,657.0000 ",-24.01%
11/1/1987, $0.5293 , $0.6341 , $0.5250 , $0.6011 ," $232,070,563.0000 ",-12.35%
12/1/1987, $0.5398 , $0.6136 , $0.4775 , $0.5441 ," $377,479,562.0000 ",1.97%
1/1/1988, $0.6324 , $0.6353 , $0.5484 , $0.5499 ," $327,259,411.0000 ",17.16%
2/1/1988, $0.6295 , $0.6396 , $0.5803 , $0.6353 ," $177,656,338.0000 ",-0.46%
3/1/1988, $0.6443 , $0.6721 , $0.6253 , $0.6312 ," $262,595,249.0000 ",2.36%
4/1/1988, $0.6428 , $0.7042 , $0.6282 , $0.6458 ," $273,275,218.0000 ",-0.23%
5/1/1988, $0.6092 , $0.6575 , $0.5639 , $0.6428 ," $206,918,753.0000 ",-5.23%
6/1/1988, $0.6094 , $0.6404 , $0.5902 , $0.6227 ," $199,775,159.0000 ",0.03%
7/1/1988, $0.6065 , $0.6227 , $0.5858 , $0.6065 ," $219,637,579.0000 ",-0.48%
8/1/1988, $0.6051 , $0.6349 , $0.5946 , $0.6155 ," $209,387,642.0000 ",-0.23%
9/1/1988, $0.6483 , $0.6572 , $0.5961 , $0.6036 ," $172,035,568.0000 ",7.14%
10/1/1988, $0.6811 , $0.7183 , $0.6438 , $0.6528 ," $192,866,824.0000 ",5.06%
11/1/1988, $0.6766 , $0.6870 , $0.6468 , $0.6826 ," $145,621,483.0000 ",-0.66%
12/1/1988, $0.6978 , $0.7189 , $0.6708 , $0.6828 ," $164,742,728.0000 ",3.14%
1/1/1989, $0.6933 , $0.7069 , $0.6662 , $0.6948 ," $199,499,433.0000 ",-0.65%
2/1/1989, $0.6698 , $0.7169 , $0.6561 , $0.6971 ," $232,166,690.0000 ",-3.39%
3/1/1989, $0.6986 , $0.6986 , $0.6622 , $0.6743 ," $181,169,950.0000 ",4.31%
4/1/1989, $0.7518 , $0.7564 , $0.6971 , $0.7002 ," $205,780,431.0000 ",7.61%
5/1/1989, $0.7412 , $0.7807 , $0.7321 , $0.7472 ," $180,717,154.0000 ",-1.41%
6/1/1989, $0.7031 , $0.7660 , $0.6909 , $0.7476 ," $283,150,777.0000 ",-5.13%
7/1/1989, $0.7966 , $0.8012 , $0.7031 , $0.7062 ," $202,959,925.0000 ",13.29%
8/1/1989, $0.8566 , $0.8628 , $0.7762 , $0.8025 ," $243,587,832.0000 ",7.54%
9/1/1989, $0.8489 , $0.8752 , $0.8180 , $0.8613 ," $225,055,985.0000 ",-0.90%
10/1/1989, $0.8365 , $0.8613 , $0.7793 , $0.8443 ," $204,786,298.0000 ",-1.46%
11/1/1989, $0.9169 , $0.9293 , $0.8242 , $0.8443 ," $299,256,737.0000 ",9.61%
12/1/1989, $0.8665 , $0.9444 , $0.8150 , $0.9241 ," $287,453,627.0000 ",-5.50%
1/1/1990, $0.8540 , $0.9039 , $0.8337 , $0.8680 ," $226,449,793.0000 ",-1.44%
2/1/1990, $0.7356 , $0.8727 , $0.6795 , $0.8602 ," $641,015,818.0000 ",-13.87%
3/1/1990, $0.7624 , $0.7781 , $0.7263 , $0.7451 ," $356,539,532.0000 ",3.65%
4/1/1990, $0.7137 , $0.7530 , $0.7105 , $0.7326 ," $316,662,915.0000 ",-6.39%
5/1/1990, $0.8284 , $0.8332 , $0.6917 , $0.7137 ," $349,565,425.0000 ",16.08%
6/1/1990, $0.8145 , $0.8462 , $0.7923 , $0.8447 ," $246,744,772.0000 ",-1.68%
7/1/1990, $0.9622 , $0.9685 , $0.8097 , $0.8193 ," $370,831,771.0000 ",18.13%
8/1/1990, $0.9018 , $0.9606 , $0.8177 , $0.9590 ," $278,865,633.0000 ",-6.27%
9/1/1990, $0.9045 , $0.9381 , $0.8677 , $0.9045 ," $198,947,982.0000 ",0.30%
10/1/1990, $0.9317 , $1.0150 , $0.9013 , $0.9205 ," $386,082,729.0000 ",3.01%
11/1/1990, $1.0342 , $1.0374 , $0.9189 , $0.9397 ," $280,325,212.0000 ",11.00%
12/1/1990, $1.0425 , $1.0555 , $1.0087 , $1.0490 ," $223,553,401.0000 ",0.81%
1/1/1991, $1.1604 , $1.1604 , $0.9489 , $1.0377 ," $340,094,599.0000 ",11.30%
2/1/1991, $1.3556 , $1.3798 , $1.1458 , $1.1587 ," $281,916,332.0000 ",16.83%
3/1/1991, $1.3904 , $1.4197 , $1.2978 , $1.3579 ," $215,828,002.0000 ",2.57%
4/1/1991, $1.4164 , $1.5171 , $1.3904 , $1.3969 ," $208,212,641.0000 ",1.87%
5/1/1991, $1.5301 , $1.5723 , $1.4034 , $1.4132 ," $208,488,365.0000 ",8.03%
6/1/1991, $1.4507 , $1.5357 , $1.4376 , $1.5128 ," $210,681,531.0000 ",-5.19%
7/1/1991, $1.6174 , $1.6206 , $1.4507 , $1.4671 ," $201,378,926.0000 ",11.49%
8/1/1991, $1.7121 , $1.7480 , $1.5879 , $1.6141 ," $185,253,989.0000 ",5.86%
9/1/1991, $1.7114 , $1.7936 , $1.6425 , $1.7279 ," $228,425,411.0000 ",-0.04%
10/1/1991, $1.8822 , $1.8822 , $1.6917 , $1.7180 ," $189,403,803.0000 ",9.98%
11/1/1991, $1.7443 , $1.9020 , $1.7344 , $1.8822 ," $211,101,444.0000 ",-7.33%
12/1/1991, $2.2182 , $2.2743 , $1.7297 , $1.7297 ," $208,169,637.0000 ",27.17%
1/1/1992, $1.9277 , $2.2974 , $1.8947 , $2.1786 ," $314,417,897.0000 ",-13.10%
2/1/1992, $1.9673 , $2.0169 , $1.8188 , $1.9178 ," $293,700,472.0000 ",2.05%
3/1/1992, $1.8447 , $2.0039 , $1.7949 , $1.9906 ," $249,065,681.0000 ",-6.24%
4/1/1992, $1.8977 , $1.9840 , $1.7285 , $1.8380 ," $242,660,734.0000 ",2.88%
5/1/1992, $1.9807 , $1.9973 , $1.8314 , $1.9011 ," $178,539,169.0000 ",4.37%
6/1/1992, $1.9476 , $1.9943 , $1.7808 , $1.9742 ," $221,880,069.0000 ",-1.67%
7/1/1992, $2.0910 , $2.1110 , $1.9542 , $1.9542 ," $198,627,986.0000 ",7.36%
8/1/1992, $2.0610 , $2.2210 , $2.0476 , $2.0776 ," $198,710,198.0000 ",-1.44%
9/1/1992, $2.0037 , $2.1880 , $1.9702 , $2.0640 ," $214,459,489.0000 ",-2.78%
10/1/1992, $2.0272 , $2.0540 , $1.8630 , $2.0104 ," $209,153,650.0000 ",1.17%
11/1/1992, $2.0942 , $2.1444 , $1.9468 , $2.0238 ," $171,892,644.0000 ",3.31%
12/1/1992, $1.9529 , $2.1516 , $1.9529 , $2.0809 ," $219,944,925.0000 ",-6.75%
1/1/1993, $1.7778 , $1.9596 , $1.6431 , $1.9529 ," $387,152,750.0000 ",-8.97%
2/1/1993, $1.5724 , $1.8014 , $1.4142 , $1.7947 ," $479,259,280.0000 ",-11.55%
3/1/1993, $1.6880 , $1.7287 , $1.5457 , $1.5999 ," $409,533,387.0000 ",7.35%
4/1/1993, $1.8507 , $1.8609 , $1.5592 , $1.6880 ," $379,902,916.0000 ",9.64%
5/1/1993, $1.9456 , $1.9999 , $1.8405 , $1.8711 ," $256,235,833.0000 ",5.13%
6/1/1993, $1.8279 , $2.0632 , $1.8211 , $1.9609 ," $279,327,284.0000 ",-6.05%
7/1/1993, $1.6233 , $1.8074 , $1.6130 , $1.8006 ," $272,614,992.0000 ",-11.19%
8/1/1993, $1.7188 , $1.7529 , $1.5176 , $1.6301 ," $286,814,901.0000 ",5.88%
9/1/1993, $1.6348 , $1.7928 , $1.6108 , $1.7207 ," $233,134,258.0000 ",-4.88%
10/1/1993, $1.7104 , $1.7825 , $1.5867 , $1.6382 ," $252,215,033.0000 ",4.62%
11/1/1993, $1.8271 , $1.8821 , $1.6932 , $1.7104 ," $235,025,136.0000 ",6.83%
12/1/1993, $1.9084 , $1.9464 , $1.7770 , $1.8600 ," $147,307,462.0000 ",4.44%
1/1/1994, $1.7874 , $1.9326 , $1.6802 , $1.9084 ," $300,511,419.0000 ",-6.34%
2/1/1994, $1.6041 , $1.7943 , $1.5557 , $1.7908 ," $310,108,723.0000 ",-10.25%
3/1/1994, $1.5049 , $1.6303 , $1.4805 , $1.6164 ," $272,813,564.0000 ",-6.19%
4/1/1994, $1.6442 , $1.6686 , $1.4840 , $1.4840 ," $187,517,983.0000 ",9.26%
5/1/1994, $1.7766 , $1.7975 , $1.6443 , $1.6443 ," $198,373,764.0000 ",8.05%
6/1/1994, $1.7732 , $1.8189 , $1.7170 , $1.7802 ," $138,983,813.0000 ",-0.19%
7/1/1994, $1.7416 , $1.7837 , $1.6609 , $1.7802 ," $117,884,421.0000 ",-1.78%
8/1/1994, $1.9172 , $1.9558 , $1.7241 , $1.7346 ," $272,300,055.0000 ",10.08%
9/1/1994, $1.9566 , $1.9955 , $1.8080 , $1.9247 ," $204,709,143.0000 ",2.06%
10/1/1994, $2.0981 , $2.1193 , $1.9247 , $1.9672 ," $271,777,695.0000 ",7.23%
11/1/1994, $2.1901 , $2.2113 , $2.0450 , $2.0875 ," $241,153,094.0000 ",4.38%
12/1/1994, $2.2006 , $2.2611 , $2.0937 , $2.1899 ," $188,816,933.0000 ",0.48%
1/1/1995, $2.3288 , $2.3288 , $2.1222 , $2.1899 ," $219,933,542.0000 ",5.83%
2/1/1995, $2.3644 , $2.3750 , $2.2611 , $2.3288 ," $187,080,362.0000 ",1.53%
3/1/1995, $2.4583 , $2.5801 , $2.2970 , $2.3759 ," $308,236,819.0000 ",3.97%
4/1/1995, $2.4834 , $2.6016 , $2.4404 , $2.4583 ," $209,897,354.0000 ",1.02%
5/1/1995, $2.5264 , $2.5622 , $2.3078 , $2.4798 ," $290,867,320.0000 ",1.73%
6/1/1995, $2.6569 , $2.7362 , $2.5271 , $2.5379 ," $172,320,147.0000 ",5.16%
7/1/1995, $2.9200 , $2.9633 , $2.5091 , $2.6893 ," $198,404,751.0000 ",9.91%
8/1/1995, $2.8479 , $2.9777 , $2.7326 , $2.9056 ," $163,625,282.0000 ",-2.47%
9/1/1995, $3.0943 , $3.1450 , $2.6957 , $2.7755 ," $211,844,514.0000 ",8.65%
10/1/1995, $3.3262 , $3.6161 , $3.0508 , $3.0871 ," $195,241,486.0000 ",7.49%
11/1/1995, $3.3624 , $3.5436 , $3.3045 , $3.3479 ," $130,600,719.0000 ",1.09%
12/1/1995, $3.6683 , $3.8939 , $3.3917 , $3.4062 ," $173,178,948.0000 ",9.10%
1/1/1996, $3.9885 , $4.0176 , $3.5081 , $3.6391 ," $217,947,173.0000 ",8.73%
2/1/1996, $3.8357 , $4.1195 , $3.7993 , $4.0031 ," $162,431,940.0000 ",-3.83%
3/1/1996, $3.9331 , $4.0720 , $3.5968 , $3.8893 ," $208,165,211.0000 ",2.54%
4/1/1996, $4.0282 , $4.2329 , $3.8015 , $3.9916 ," $171,554,311.0000 ",2.42%
5/1/1996, $4.1378 , $4.1671 , $3.6773 , $4.0282 ," $195,921,313.0000 ",2.72%
6/1/1996, $4.1939 , $4.5464 , $4.1094 , $4.1424 ," $215,079,874.0000 ",1.35%
7/1/1996, $4.1057 , $4.3554 , $4.0396 , $4.2012 ," $160,081,943.0000 ",-2.10%
8/1/1996, $4.1897 , $4.4405 , $4.0791 , $4.0791 ," $115,046,839.0000 ",2.05%
9/1/1996, $4.6692 , $4.7208 , $4.1307 , $4.1750 ," $144,003,806.0000 ",11.44%
10/1/1996, $4.8831 , $5.1044 , $4.6471 , $4.7135 ," $163,587,337.0000 ",4.58%
11/1/1996, $5.2888 , $5.3847 , $4.8020 , $4.9421 ," $146,547,948.0000 ",8.31%
12/1/1996, $4.9150 , $5.3147 , $4.7078 , $5.3147 ," $177,244,013.0000 ",-7.07%
1/1/1997, $5.4776 , $5.5664 , $4.7744 , $4.9150 ," $209,054,365.0000 ",11.45%
2/1/1997, $5.4258 , $5.9069 , $5.2259 , $5.4924 ," $165,516,787.0000 ",-0.95%
3/1/1997, $5.0003 , $5.7730 , $4.9409 , $5.3570 ," $211,604,833.0000 ",-7.84%
4/1/1997, $5.7062 , $5.8250 , $4.9334 , $5.0003 ," $256,789,814.0000 ",14.12%
5/1/1997, $6.1222 , $6.1668 , $5.6467 , $5.7062 ," $150,807,796.0000 ",7.29%
6/1/1997, $7.1274 , $7.3436 , $6.0240 , $6.1433 ," $225,247,598.0000 ",16.42%
7/1/1997, $7.1125 , $7.7238 , $6.8590 , $7.1870 ," $309,166,447.0000 ",-0.21%
8/1/1997, $6.6322 , $7.0883 , $6.1088 , $7.0733 ," $288,885,064.0000 ",-6.75%
9/1/1997, $7.1930 , $7.5070 , $6.4602 , $6.7593 ," $172,028,608.0000 ",8.46%
10/1/1997, $8.4940 , $8.9576 , $7.1107 , $7.2528 ," $251,785,633.0000 ",18.09%
11/1/1997, $8.7034 , $8.8753 , $7.9332 , $8.5613 ," $157,189,978.0000 ",2.46%
12/1/1997, $8.9413 , $9.5934 , $8.3418 , $8.9563 ," $166,742,694.0000 ",2.73%
1/1/1998, $9.8032 , $9.8857 , $8.5216 , $9.0463 ," $200,695,617.0000 ",9.64%
2/1/1998, $10.6127 , $10.9649 , $9.5484 , $10.1555 ," $183,203,433.0000 ",8.26%
3/1/1998, $11.9818 , $12.0044 , $10.1113 , $10.6973 ," $303,485,913.0000 ",12.90%
4/1/1998, $13.6796 , $14.6336 , $11.5837 , $12.0194 ," $440,760,666.0000 ",14.17%
5/1/1998, $12.5978 , $13.8674 , $12.1696 , $13.7622 ," $340,376,970.0000 ",-7.91%
6/1/1998, $13.0858 , $13.8383 , $12.0850 , $12.6268 ," $272,856,571.0000 ",3.87%
7/1/1998, $13.2213 , $14.5231 , $12.7171 , $13.2363 ," $278,079,246.0000 ",1.04%
8/1/1998, $11.1971 , $13.3793 , $11.1670 , $13.2213 ," $284,308,384.0000 ",-15.31%
9/1/1998, $12.7553 , $13.1699 , $11.0968 , $11.3079 ," $305,718,918.0000 ",13.92%
10/1/1998, $12.9438 , $13.0568 , $10.3731 , $12.4839 ," $306,275,114.0000 ",1.48%
11/1/1998, $13.5016 , $14.0972 , $12.5442 , $12.9890 ," $179,311,329.0000 ",4.31%
12/1/1998, $15.1034 , $15.5792 , $13.1249 , $13.3137 ," $185,070,280.0000 ",11.86%
1/1/1999, $15.5415 , $15.5792 , $13.2382 , $15.3225 ," $230,956,904.0000 ",2.90%
2/1/1999, $15.9417 , $16.2966 , $15.1035 , $15.7076 ," $167,438,019.0000 ",2.58%
3/1/1999, $16.7943 , $17.4903 , $15.7352 , $15.8638 ," $176,819,043.0000 ",5.35%
4/1/1999, $13.9272 , $18.1712 , $13.8288 , $16.8775 ," $316,875,720.0000 ",-17.07%
5/1/1999, $12.9513 , $14.3206 , $12.1419 , $13.9272 ," $315,139,781.0000 ",-7.01%
6/1/1999, $13.2189 , $14.0678 , $11.4755 , $13.0976 ," $394,746,926.0000 ",2.07%
7/1/1999, $12.3245 , $14.2800 , $12.3017 , $13.1885 ," $214,544,651.0000 ",-6.77%
8/1/1999, $13.7343 , $14.8030 , $11.7560 , $12.2335 ," $195,887,694.0000 ",11.44%
9/1/1999, $13.0828 , $14.3819 , $12.3078 , $13.9261 ," $135,225,459.0000 ",-4.74%
10/1/1999, $14.4731 , $15.4076 , $12.9916 , $12.9916 ," $209,286,878.0000 ",10.63%
11/1/1999, $13.3563 , $14.5871 , $12.1483 , $14.4047 ," $326,669,383.0000 ",-7.72%
12/1/1999, $11.8565 , $13.3414 , $11.7651 , $13.2043 ," $270,728,333.0000 ",-11.23%
1/1/2000, $13.2272 , $13.7526 , $10.9655 , $11.7194 ," $251,871,956.0000 ",11.56%
2/1/2000, $11.7423 , $13.8668 , $11.5595 , $12.9987 ," $204,984,871.0000 ",-11.23%
3/1/2000, $13.3982 , $13.5585 , $10.9934 , $11.7721 ," $301,987,653.0000 ",14.10%
4/1/2000, $15.4365 , $16.2152 , $13.4669 , $13.5585 ," $281,281,087.0000 ",15.21%
5/1/2000, $16.3068 , $16.9939 , $15.1388 , $15.4823 ," $223,401,939.0000 ",5.64%
6/1/2000, $17.6238 , $17.6697 , $15.5126 , $16.7747 ," $262,525,364.0000 ",8.08%
7/1/2000, $15.9256 , $18.0827 , $15.6962 , $17.5549 ," $273,042,810.0000 ",-9.64%
8/1/2000, $15.8396 , $17.1419 , $15.3290 , $16.0174 ," $223,014,172.0000 ",-0.54%
9/1/2000, $16.5290 , $16.6957 , $14.4880 , $16.0978 ," $245,401,662.0000 ",4.35%
10/1/2000, $15.8909 , $16.9257 , $15.0860 , $16.3278 ," $282,725,275.0000 ",-3.86%
11/1/2000, $16.3048 , $17.0867 , $15.0860 , $16.0978 ," $263,202,350.0000 ",2.60%
12/1/2000, $16.9614 , $17.7219 , $15.3943 , $16.2700 ," $294,694,922.0000 ",4.03%
1/1/2001, $16.6480 , $17.2379 , $14.9334 , $16.8001 ," $360,286,292.0000 ",-1.85%
2/1/2001, $16.5926 , $17.2232 , $16.0580 , $16.6480 ," $247,224,341.0000 ",-0.33%
3/1/2001, $15.1363 , $16.6259 , $12.6043 , $16.6259 ," $380,283,937.0000 ",-8.78%
4/1/2001, $16.0049 , $16.2489 , $14.2307 , $15.0624 ," $311,350,760.0000 ",5.74%
5/1/2001, $15.8534 , $16.6481 , $15.3470 , $16.0049 ," $257,964,076.0000 ",-0.95%
6/1/2001, $14.8416 , $16.6760 , $14.8416 , $15.7495 ," $240,969,064.0000 ",-6.38%
7/1/2001, $15.2752 , $15.6495 , $13.7818 , $15.0084 ," $284,562,713.0000 ",2.92%
8/1/2001, $14.1968 , $15.5198 , $14.1005 , $15.2752 ," $241,572,268.0000 ",-7.06%
9/1/2001, $14.9000 , $14.9372 , $12.6335 , $14.2870 ," $282,368,181.0000 ",4.95%
10/1/2001, $15.5689 , $16.0705 , $14.9186 , $14.9484 ," $303,341,516.0000 ",4.49%
11/1/2001, $16.0928 , $16.3640 , $15.3980 , $15.6060 ," $218,952,587.0000 ",3.37%
12/1/2001, $14.8455 , $16.3692 , $14.2755 , $16.1941 ," $305,697,625.0000 ",-7.75%
1/1/2002, $15.5235 , $15.8178 , $14.5661 , $14.8455 ," $269,328,515.0000 ",4.57%
2/1/2002, $15.2590 , $15.7396 , $14.7263 , $15.6092 ," $200,688,556.0000 ",-1.70%
3/1/2002, $14.8514 , $15.6586 , $14.7617 , $15.3858 ," $263,715,543.0000 ",-2.67%
4/1/2002, $13.5845 , $15.0607 , $13.4051 , $14.8178 ," $371,685,934.0000 ",-8.53%
5/1/2002, $12.9305 , $14.1451 , $12.8221 , $13.7153 ," $294,617,769.0000 ",-4.81%
6/1/2002, $13.1257 , $13.8907 , $12.2819 , $13.0619 ," $348,894,658.0000 ",1.51%
7/1/2002, $12.1319 , $13.2119 , $9.4242 , $13.1257 ," $749,532,180.0000 ",-7.57%
8/1/2002, $12.4056 , $13.1294 , $11.0443 , $12.1094 ," $361,399,947.0000 ",2.26%
9/1/2002, $10.9278 , $12.3888 , $10.1671 , $12.0612 ," $385,400,161.0000 ",-11.91%
10/1/2002, $11.9633 , $12.6524 , $10.6378 , $11.2026 ," $431,330,632.0000 ",9.48%
11/1/2002, $11.8729 , $12.8030 , $11.7825 , $11.9558 ," $351,577,089.0000 ",-0.76%
12/1/2002, $11.5562 , $12.1157 , $11.1177 , $12.0968 ," $368,466,595.0000 ",-2.67%
1/1/2003, $11.4768 , $12.1459 , $10.9665 , $11.6204 ," $398,546,385.0000 ",-0.69%
2/1/2003, $11.3274 , $11.8516 , $10.5981 , $11.8516 ," $339,507,313.0000 ",-1.30%
3/1/2003, $11.8364 , $12.3645 , $10.7652 , $11.4034 ," $402,298,732.0000 ",4.49%
4/1/2003, $11.6807 , $12.8165 , $11.1185 , $11.8782 ," $469,584,300.0000 ",-1.32%
5/1/2003, $11.7833 , $12.8203 , $11.5477 , $11.7225 ," $501,524,612.0000 ",0.88%
6/1/2003, $13.0309 , $14.0879 , $11.8290 , $11.9969 ," $522,908,054.0000 ",10.59%
7/1/2003, $12.7295 , $13.3477 , $12.2182 , $12.9737 ," $401,347,603.0000 ",-2.31%
8/1/2003, $11.4169 , $12.7104 , $11.2299 , $12.6417 ," $462,768,715.0000 ",-10.31%
9/1/2003, $11.6455 , $12.4084 , $11.4615 , $11.5574 ," $436,019,878.0000 ",2.00%
10/1/2003, $12.1132 , $12.1209 , $11.3082 , $11.6379 ," $437,355,088.0000 ",4.02%
11/1/2003, $12.8684 , $13.2248 , $11.8909 , $12.1324 ," $409,005,332.0000 ",6.23%
12/1/2003, $13.6072 , $13.6303 , $13.0372 , $13.1258 ," $363,827,835.0000 ",5.74%
1/1/2004, $14.1079 , $14.2003 , $13.2837 , $13.6457 ," $408,016,786.0000 ",3.68%
2/1/2004, $14.1156 , $14.9783 , $14.0963 , $14.2080 ," $366,195,750.0000 ",0.05%
3/1/2004, $13.5599 , $14.6896 , $12.9603 , $14.3685 ," $450,753,534.0000 ",-3.94%
4/1/2004, $13.8346 , $14.6625 , $13.5986 , $13.8114 ," $406,959,414.0000 ",2.03%
5/1/2004, $13.6721 , $14.3144 , $13.2388 , $13.8849 ," $289,461,810.0000 ",-1.17%
6/1/2004, $13.3251 , $14.1103 , $13.1463 , $13.6633 ," $342,879,060.0000 ",-2.54%
7/1/2004, $12.4233 , $13.3951 , $12.1279 , $13.2979 ," $377,432,340.0000 ",-6.77%
8/1/2004, $12.6993 , $12.7226 , $12.0463 , $12.3495 ," $310,095,444.0000 ",2.22%
9/1/2004, $11.9593 , $12.9168 , $11.5606 , $12.7214 ," $470,923,722.0000 ",-5.83%
10/1/2004, $11.3144 , $12.3110 , $10.6500 , $12.1351 ," $641,742,864.0000 ",-5.39%
11/1/2004, $10.8532 , $11.9202 , $10.3764 , $11.3144 ," $777,608,316.0000 ",-4.08%
12/1/2004, $10.5726 , $11.4415 , $8.6460 , $11.0129 ," $1,307,835,664.0000 ",-2.59%
1/1/2005, $9.4992 , $10.7534 , $9.4323 , $10.7377 ," $664,858,139.0000 ",-10.15%
2/1/2005, $10.3366 , $10.6944 , $9.3576 , $9.4874 ," $749,200,276.0000 ",8.82%
3/1/2005, $10.4062 , $10.8300 , $10.0615 , $10.5092 ," $507,622,526.0000 ",0.67%
4/1/2005, $10.7627 , $11.1826 , $10.2041 , $10.4458 ," $676,383,946.0000 ",3.43%
5/1/2005, $11.0518 , $11.4638 , $10.7746 , $10.7944 ," $447,106,167.0000 ",2.69%
6/1/2005, $11.0007 , $11.6508 , $10.8930 , $11.1403 ," $557,478,306.0000 ",-0.46%
7/1/2005, $10.5699 , $11.0964 , $10.4502 , $10.7095 ," $560,553,775.0000 ",-3.92%
8/1/2005, $10.1630 , $10.7613 , $9.8759 , $10.7613 ," $506,696,060.0000 ",-3.85%
9/1/2005, $10.0310 , $10.7059 , $9.9105 , $10.2278 ," $528,477,285.0000 ",-1.30%
10/1/2005, $8.7334 , $10.2720 , $8.3197 , $10.1154 ," $869,974,341.0000 ",-12.94%
11/1/2005, $8.5165 , $9.0829 , $8.5045 , $8.7375 ," $703,705,310.0000 ",-2.48%
12/1/2005, $9.4488 , $10.2105 , $8.2130 , $8.6182 ," $980,975,611.0000 ",10.95%
1/1/2006, $10.4050 , $10.6724 , $9.5622 , $9.5825 ," $750,441,781.0000 ",10.12%
2/1/2006, $10.6116 , $10.8750 , $10.1092 , $10.4334 ," $612,834,074.0000 ",1.99%
3/1/2006, $10.1942 , $10.8815 , $10.1574 , $10.6769 ," $559,360,119.0000 ",-3.93%
4/1/2006, $10.3620 , $10.4070 , $9.8915 , $10.2638 ," $467,020,337.0000 ",1.65%
5/1/2006, $9.6788 , $10.5215 , $9.6215 , $10.4315 ," $595,874,790.0000 ",-6.59%
6/1/2006, $9.6922 , $10.0804 , $9.2958 , $9.8409 ," $650,777,649.0000 ",0.14%
7/1/2006, $10.7329 , $11.0096 , $9.1513 , $9.7212 ," $622,999,374.0000 ",10.74%
8/1/2006, $11.3813 , $11.5134 , $10.4562 , $10.7536 ," $660,775,260.0000 ",6.04%
9/1/2006, $11.8201 , $11.9118 , $11.3866 , $11.5825 ," $507,930,398.0000 ",3.86%
10/1/2006, $11.1074 , $11.9201 , $10.9948 , $11.7534 ," $789,692,109.0000 ",-6.03%
11/1/2006, $11.4575 , $11.6200 , $10.4197 , $11.1282 ," $872,034,387.0000 ",3.15%
12/1/2006, $10.8906 , $11.7147 , $9.8814 , $11.6096 ," $1,156,432,988.0000 ",-4.95%
1/1/2007, $11.0335 , $11.5255 , $10.8401 , $10.9957 ," $759,567,840.0000 ",1.31%
2/1/2007, $10.4953 , $11.3531 , $10.4869 , $11.0966 ," $634,169,348.0000 ",-4.88%
3/1/2007, $10.7375 , $11.0351 , $10.4357 , $10.5632 ," $822,970,262.0000 ",2.31%
4/1/2007, $11.2476 , $11.5792 , $10.7248 , $10.7248 ," $784,105,909.0000 ",4.75%
5/1/2007, $11.6854 , $11.7450 , $11.1711 , $11.2051 ," $794,710,204.0000 ",3.89%
6/1/2007, $10.9858 , $11.9138 , $10.8741 , $11.8279 ," $926,489,714.0000 ",-5.99%
7/1/2007, $10.1007 , $11.2350 , $10.0964 , $11.0416 ," $984,387,831.0000 ",-8.06%
8/1/2007, $10.6721 , $10.7409 , $9.9375 , $10.1007 ," $1,080,217,617.0000 ",5.66%
9/1/2007, $10.6225 , $10.9443 , $10.3703 , $10.7747 ," $738,035,043.0000 ",-0.47%
10/1/2007, $10.7008 , $11.1791 , $10.1572 , $10.6312 ," $870,987,866.0000 ",0.74%
11/1/2007, $10.3312 , $10.6964 , $9.6703 , $10.6877 ," $961,511,818.0000 ",-3.45%
12/1/2007, $10.0046 , $10.7836 , $9.9870 , $10.3963 ," $759,132,537.0000 ",-3.16%
1/1/2008, $10.2818 , $10.6692 , $9.4896 , $10.0178 ," $1,139,717,500.0000 ",2.77%
2/1/2008, $9.8065 , $10.4711 , $9.6965 , $10.2995 ," $821,800,638.0000 ",-4.62%
3/1/2008, $9.3425 , $10.0165 , $9.0122 , $10.0076 ," $865,433,391.0000 ",-4.73%
4/1/2008, $8.9765 , $9.6416 , $8.8336 , $9.3961 ," $1,012,065,765.0000 ",-3.92%
5/1/2008, $8.6417 , $9.2175 , $8.5524 , $9.0033 ," $1,021,453,749.0000 ",-3.73%
6/1/2008, $7.9222 , $8.8246 , $7.7635 , $8.8110 ," $1,327,660,665.0000 ",-8.33%
7/1/2008, $8.4664 , $8.7294 , $7.8270 , $7.9041 ," $1,081,441,419.0000 ",6.87%
8/1/2008, $8.6659 , $9.1285 , $8.4029 , $8.5299 ," $823,143,224.0000 ",2.36%
9/1/2008, $8.5001 , $9.0302 , $7.9101 , $8.8965 ," $1,221,139,419.0000 ",-1.91%
10/1/2008, $8.1636 , $8.9380 , $6.5963 , $8.4171 ," $1,927,483,215.0000 ",-3.96%
11/1/2008, $7.5736 , $8.5047 , $6.5733 , $8.2281 ," $1,077,349,789.0000 ",-7.23%
12/1/2008, $8.3080 , $8.4300 , $7.1305 , $7.5902 ," $1,041,836,734.0000 ",9.70%
1/1/2009, $6.8397 , $8.6692 , $6.8021 , $8.3877 ," $1,382,916,932.0000 ",-17.67%
2/1/2009, $5.7748 , $7.2150 , $5.7607 , $6.8631 ," $1,302,126,988.0000 ",-15.57%
3/1/2009, $6.5267 , $7.1832 , $5.5683 , $5.7888 ," $1,726,323,517.0000 ",13.02%
4/1/2009, $6.4021 , $6.8382 , $6.1098 , $6.5123 ," $1,347,202,880.0000 ",-1.91%
5/1/2009, $7.2791 , $7.4755 , $6.3494 , $6.4165 ," $1,193,982,792.0000 ",13.70%
6/1/2009, $7.2695 , $7.4876 , $6.7558 , $7.4439 ," $1,243,585,932.0000 ",-0.13%
7/1/2009, $7.7202 , $8.0740 , $6.8382 , $7.2549 ," $1,220,798,133.0000 ",6.20%
8/1/2009, $8.0933 , $8.2290 , $7.5312 , $7.8123 ," $888,114,525.0000 ",4.83%
9/1/2009, $8.1013 , $8.2922 , $7.8076 , $8.0964 ," $968,855,351.0000 ",0.10%
10/1/2009, $8.3363 , $9.0216 , $7.8664 , $8.0768 ," $1,574,567,965.0000 ",2.90%
11/1/2009, $8.8943 , $9.2517 , $8.1845 , $8.3461 ," $1,001,081,717.0000 ",6.69%
12/1/2009, $8.9893 , $9.3846 , $8.7125 , $9.1622 ," $988,386,497.0000 ",1.07%
1/1/2010, $9.2215 , $10.0616 , $9.0140 , $9.0288 ," $1,069,543,338.0000 ",2.58%
2/1/2010, $8.6730 , $9.5526 , $8.6137 , $9.2858 ," $1,278,416,204.0000 ",-5.95%
3/1/2010, $8.5553 , $8.9195 , $8.3807 , $8.7848 ," $1,500,506,654.0000 ",-1.36%
4/1/2010, $8.3408 , $8.6451 , $8.1463 , $8.5853 ," $1,535,161,645.0000 ",-2.51%
5/1/2010, $7.5975 , $8.6751 , $7.3581 , $8.3807 ," $1,775,663,260.0000 ",-8.91%
6/1/2010, $7.1886 , $7.8641 , $7.1433 , $7.6423 ," $1,343,826,601.0000 ",-5.38%
7/1/2010, $7.5617 , $7.7835 , $7.0576 , $7.2037 ," $1,087,585,921.0000 ",5.19%
8/1/2010, $8.0204 , $8.3682 , $7.6121 , $7.6423 ," $1,276,381,352.0000 ",6.07%
9/1/2010, $8.7520 , $8.9202 , $8.1913 , $8.2219 ," $951,516,102.0000 ",9.12%
10/1/2010, $8.8794 , $9.1241 , $8.5940 , $8.7928 ," $980,519,336.0000 ",1.46%
11/1/2010, $8.3085 , $9.0935 , $8.2831 , $8.9865 ," $923,018,893.0000 ",-6.43%
12/1/2010, $9.0176 , $9.1154 , $8.4562 , $8.4923 ," $900,182,927.0000 ",8.53%
1/1/2011, $9.3832 , $9.6613 , $9.0742 , $9.1154 ," $1,174,224,194.0000 ",4.05%
2/1/2011, $9.9085 , $9.9858 , $9.5068 , $9.5223 ," $967,892,099.0000 ",5.60%
3/1/2011, $10.5696 , $10.7049 , $9.8722 , $10.0700 ," $1,284,487,876.0000 ",6.67%
4/1/2011, $10.9130 , $10.9599 , $9.9399 , $10.5904 ," $974,005,301.0000 ",3.25%
5/1/2011, $11.1628 , $11.1628 , $10.4447 , $11.0015 ," $1,000,072,509.0000 ",2.29%
6/1/2011, $10.8243 , $11.2709 , $10.5248 , $11.2131 ," $1,018,743,804.0000 ",-3.03%
7/1/2011, $10.1149 , $11.0082 , $10.0098 , $10.7717 ," $899,631,266.0000 ",-6.55%
8/1/2011, $9.9730 , $10.2252 , $8.7382 , $10.2147 ," $1,584,116,150.0000 ",-1.40%
9/1/2011, $9.3935 , $10.1745 , $9.1916 , $10.0470 ," $1,056,738,397.0000 ",-5.81%
10/1/2011, $10.2330 , $10.5996 , $9.0588 , $9.3988 ," $948,361,796.0000 ",8.94%
11/1/2011, $10.6633 , $10.7058 , $9.6432 , $10.1745 ," $1,114,335,386.0000 ",4.21%
12/1/2011, $11.6132 , $11.7527 , $10.5882 , $10.7492 ," $959,102,163.0000 ",8.91%
1/1/2012, $11.4844 , $11.8976 , $11.3878 , $11.7313 ," $999,522,852.0000 ",-1.11%
2/1/2012, $11.3395 , $11.5542 , $11.1356 , $11.4039 ," $706,703,311.0000 ",-1.26%
3/1/2012, $12.2815 , $12.3628 , $11.4139 , $11.4248 ," $812,635,685.0000 ",8.31%
4/1/2012, $12.4171 , $12.6339 , $11.8043 , $12.2218 ," $889,829,379.0000 ",1.10%
5/1/2012, $11.8586 , $12.4658 , $11.8477 , $12.2706 ," $874,568,833.0000 ",-4.50%
6/1/2012, $12.5949 , $12.5949 , $11.7187 , $11.9158 ," $603,442,298.0000 ",6.21%
7/1/2012, $13.1644 , $13.4108 , $12.0473 , $12.5127 ," $913,830,226.0000 ",4.52%
8/1/2012, $13.0658 , $13.3451 , $12.9180 , $13.0987 ," $619,404,495.0000 ",-0.75%
9/1/2012, $13.7336 , $13.8994 , $13.0594 , $13.1478 ," $572,991,395.0000 ",5.11%
10/1/2012, $13.7447 , $14.4189 , $13.7060 , $13.7060 ," $572,945,970.0000 ",0.08%
11/1/2012, $13.8276 , $13.8607 , $13.0152 , $13.7170 ," $721,844,126.0000 ",0.60%
12/1/2012, $13.9852 , $14.3811 , $13.7343 , $13.9629 ," $629,449,959.0000 ",1.14%
1/1/2013, $15.2120 , $15.5243 , $14.1246 , $14.2362 ," $825,431,985.0000 ",8.77%
2/1/2013, $15.3956 , $15.6375 , $15.0693 , $15.5137 ," $580,272,745.0000 ",1.21%
3/1/2013, $16.2337 , $16.2562 , $15.2718 , $15.2887 ," $617,323,584.0000 ",5.44%
4/1/2013, $16.3518 , $17.5218 , $16.1100 , $16.1718 ," $819,227,299.0000 ",0.73%
5/1/2013, $15.3168 , $16.8975 , $15.3168 , $16.2168 ," $952,580,326.0000 ",-6.33%
6/1/2013, $15.8869 , $16.9079 , $15.3821 , $15.4842 ," $2,330,988,982.0000 ",3.72%
7/1/2013, $16.5789 , $17.2595 , $15.5012 , $15.8642 ," $807,203,687.0000 ",4.36%
8/1/2013, $16.1308 , $16.8399 , $15.8735 , $16.8285 ," $540,515,443.0000 ",-2.70%
9/1/2013, $16.4282 , $16.7370 , $15.9307 , $16.2281 ," $535,658,293.0000 ",1.84%
10/1/2013, $17.5489 , $17.9263 , $16.0222 , $16.3424 ," $656,081,062.0000 ",6.82%
11/1/2013, $18.1436 , $18.5839 , $17.5489 , $17.5547 ," $487,211,925.0000 ",3.39%
12/1/2013, $17.6502 , $18.3993 , $17.2584 , $18.2150 ," $556,669,152.0000 ",-2.72%
1/1/2014, $17.5177 , $18.1055 , $17.0913 , $17.5580 ," $576,822,157.0000 ",-0.75%
2/1/2014, $18.5031 , $18.6759 , $17.6157 , $17.8807 ," $561,841,656.0000 ",5.62%
3/1/2014, $18.6632 , $19.1512 , $17.9136 , $18.3145 ," $602,150,202.0000 ",0.87%
4/1/2014, $18.1751 , $18.9944 , $17.1873 , $18.5528 ," $708,156,670.0000 ",-2.62%
5/1/2014, $17.2164 , $18.3494 , $16.7167 , $18.0589 ," $724,043,720.0000 ",-5.27%
6/1/2014, $17.3991 , $17.5398 , $17.0884 , $17.3464 ," $509,789,865.0000 ",1.06%
7/1/2014, $16.8246 , $18.3547 , $16.8246 , $17.3581 ," $559,595,585.0000 ",-3.30%
8/1/2014, $17.3811 , $17.5467 , $16.4822 , $16.9731 ," $486,018,267.0000 ",3.31%
9/1/2014, $17.4876 , $18.2387 , $17.1564 , $17.2747 ," $499,662,189.0000 ",0.61%
10/1/2014, $17.7123 , $17.8602 , $16.2693 , $17.3693 ," $713,643,585.0000 ",1.29%
11/1/2014, $18.4220 , $18.7118 , $17.6000 , $17.6827 ," $428,638,824.0000 ",4.01%
12/1/2014, $18.5815 , $19.7567 , $18.2415 , $18.4205 ," $562,074,169.0000 ",0.87%
1/1/2015, $18.6412 , $19.9834 , $18.4980 , $18.6531 ," $630,613,155.0000 ",0.32%
2/1/2015, $20.4725 , $20.8602 , $18.5040 , $18.7545 ," $638,039,004.0000 ",9.82%
3/1/2015, $20.9359 , $21.3331 , $20.2379 , $20.6531 ," $690,114,932.0000 ",2.26%
4/1/2015, $20.4184 , $21.3813 , $20.2860 , $20.9660 ," $586,434,323.0000 ",-2.47%
5/1/2015, $20.9119 , $21.0563 , $19.9851 , $20.3763 ," $461,526,576.0000 ",2.42%
6/1/2015, $20.3447 , $21.1880 , $20.2233 , $21.0970 ," $535,069,107.0000 ",-2.71%
7/1/2015, $21.8798 , $22.1225 , $20.0716 , $20.3629 ," $524,346,029.0000 ",7.55%
8/1/2015, $19.5498 , $22.0254 , $17.2745 , $22.0193 ," $575,379,338.0000 ",-10.65%
9/1/2015, $19.2073 , $20.7666 , $18.7364 , $19.2378 ," $611,965,681.0000 ",-1.75%
10/1/2015, $20.6810 , $22.0569 , $19.0177 , $19.1400 ," $716,414,127.0000 ",7.67%
11/1/2015, $20.0389 , $21.5554 , $18.9504 , $20.8950 ," $895,801,977.0000 ",-3.10%
12/1/2015, $19.8986 , $20.8541 , $19.6274 , $20.3424 ," $780,239,207.0000 ",-0.70%
1/1/2016, $18.7952 , $19.8739 , $18.2404 , $19.6335 ," $740,985,080.0000 ",-5.55%
2/1/2016, $18.2897 , $19.0479 , $17.4143 , $18.7027 ," $896,675,112.0000 ",-2.69%
3/1/2016, $18.4549 , $19.0588 , $17.8945 , $18.5483 ," $1,100,959,391.0000 ",0.90%
4/1/2016, $20.3664 , $20.8583 , $18.3117 , $18.3304 ," $1,250,335,007.0000 ",10.36%
5/1/2016, $21.6054 , $21.6366 , $20.2356 , $20.2730 ," $644,650,536.0000 ",6.08%
6/1/2016, $22.1193 , $22.3015 , $21.0639 , $21.7989 ," $606,312,550.0000 ",2.38%
7/1/2016, $23.1747 , $23.3631 , $22.0627 , $22.0816 ," $369,746,677.0000 ",4.77%
8/1/2016, $21.8617 , $23.4888 , $21.7424 , $23.2564 ," $505,629,202.0000 ",-5.67%
9/1/2016, $21.4544 , $22.1638 , $21.0933 , $21.9991 ," $419,697,845.0000 ",-1.86%
10/1/2016, $20.0861 , $21.5367 , $20.0228 , $21.3657 ," $418,534,440.0000 ",-6.38%
11/1/2016, $20.3585 , $21.4290 , $18.8953 , $19.5984 ," $780,947,914.0000 ",1.36%
12/1/2016, $20.7791 , $21.3037 , $19.5188 , $20.6319 ," $535,010,715.0000 ",2.07%
1/1/2017, $20.2993 , $21.5596 , $19.7683 , $20.9198 ," $554,605,632.0000 ",-2.31%
2/1/2017, $21.8283 , $22.0458 , $19.9986 , $20.1585 ," $547,100,201.0000 ",7.53%
3/1/2017, $22.1088 , $22.4578 , $21.7921 , $22.1476 ," $543,237,926.0000 ",1.29%
4/1/2017, $21.9214 , $22.3092 , $21.6306 , $22.0442 ," $372,101,525.0000 ",-0.85%
5/1/2017, $21.1006 , $21.9666 , $20.6612 , $21.9020 ," $560,117,629.0000 ",-3.74%
6/1/2017, $21.9182 , $22.4990 , $20.6654 , $21.3179 ," $490,650,490.0000 ",3.87%
7/1/2017, $21.6377 , $22.1662 , $21.3310 , $21.8465 ," $321,926,065.0000 ",-1.28%
8/1/2017, $22.1336 , $22.1988 , $21.0895 , $21.5594 ," $409,668,614.0000 ",2.29%
9/1/2017, $23.5226 , $23.8587 , $22.2378 , $22.3630 ," $407,977,576.0000 ",6.28%
10/1/2017, $23.1009 , $24.2342 , $22.4684 , $23.5029 ," $364,220,978.0000 ",-1.79%
11/1/2017, $23.8916 , $24.0366 , $22.9296 , $23.0680 ," $300,375,665.0000 ",3.42%
12/1/2017, $24.0833 , $24.8347 , $23.3719 , $24.1299 ," $331,790,876.0000 ",0.80%
1/1/2018, $24.6285 , $26.2177 , $24.0900 , $24.1897 ," $505,479,112.0000 ",2.26%
2/1/2018, $24.1432 , $24.8679 , $22.0753 , $24.3426 ," $587,799,570.0000 ",-1.97%
3/1/2018, $23.8165 , $24.8567 , $23.0314 , $24.2393 ," $507,176,897.0000 ",-1.35%
4/1/2018, $24.5682 , $25.0111 , $23.3267 , $23.7696 ," $446,961,980.0000 ",3.16%
5/1/2018, $24.1118 , $24.3266 , $23.0649 , $23.8769 ," $511,773,388.0000 ",-1.86%
6/1/2018, $24.5844 , $24.9367 , $24.2117 , $24.5708 ," $457,395,207.0000 ",1.96%
7/1/2018, $27.0577 , $27.0984 , $24.3946 , $24.3946 ," $418,253,865.0000 ",10.06%
8/1/2018, $28.1351 , $28.9822 , $26.7595 , $26.8544 ," $500,528,790.0000 ",3.98%
9/1/2018, $30.1174 , $30.3839 , $28.1697 , $28.3474 ," $369,588,789.0000 ",7.05%
10/1/2018, $29.4271 , $31.3065 , $28.4704 , $30.0900 ," $604,661,777.0000 ",-2.29%
11/1/2018, $31.5935 , $31.6140 , $28.9419 , $29.5228 ," $507,886,765.0000 ",7.36%
12/1/2018, $30.0605 , $32.0026 , $27.8361 , $31.9337 ," $565,803,643.0000 ",-4.85%
1/1/2019, $29.2341 , $30.0950 , $27.1819 , $29.6955 ," $631,956,054.0000 ",-2.75%
2/1/2019, $30.1147 , $30.4134 , $28.6280 , $29.7812 ," $450,906,154.0000 ",3.01%
3/1/2019, $29.5033 , $30.4203 , $28.0237 , $30.2953 ," $554,205,954.0000 ",-2.03%
4/1/2019, $28.2112 , $30.0660 , $26.6899 , $29.5798 ," $486,234,339.0000 ",-4.38%
5/1/2019, $28.8434 , $29.5103 , $27.6972 , $28.1973 ," $552,863,473.0000 ",2.24%
6/1/2019, $30.3607 , $31.0406 , $29.1342 , $29.1763 ," $461,187,921.0000 ",5.26%
7/1/2019, $27.2209 , $31.2298 , $26.9897 , $30.4939 ," $590,900,013.0000 ",-10.34%
8/1/2019, $24.9152 , $27.0668 , $23.8078 , $26.8495 ," $641,234,099.0000 ",-8.47%
9/1/2019, $25.4171 , $26.7116 , $25.1199 , $25.1907 ," $443,911,600.0000 ",2.01%
10/1/2019, $27.1431 , $27.4615 , $24.4762 , $25.4171 ," $407,113,297.0000 ",6.79%
11/1/2019, $27.2492 , $27.5464 , $25.6788 , $27.3695 ," $446,281,096.0000 ",0.39%
12/1/2019, $27.9840 , $28.2982 , $26.9912 , $27.7054 ," $387,120,076.0000 ",2.70%
1/1/2020, $26.5984 , $29.2625 , $26.2055 , $28.0697 ," $531,835,964.0000 ",-4.95%
2/1/2020, $24.1138 , $27.8297 , $23.4716 , $27.0288 ," $586,886,279.0000 ",-9.34%
3/1/2020, $23.5510 , $26.3073 , $20.1165 , $24.4673 ," $1,019,616,939.0000 ",-2.33%
4/1/2020, $27.6782 , $28.2987 , $22.7501 , $23.0315 ," $533,383,339.0000 ",17.52%
5/1/2020, $27.5555 , $28.1472 , $26.4011 , $27.3102 ," $474,627,691.0000 ",-0.44%
6/1/2020, $23.8294 , $26.7152 , $23.0351 , $25.8699 ," $811,003,042.0000 ",-13.52%
7/1/2020, $28.0415 , $28.7483 , $24.1209 , $25.1703 ," $824,072,643.0000 ",17.68%
8/1/2020, $27.8078 , $28.7718 , $27.5208 , $28.4112 ," $470,078,941.0000 ",-0.83%
9/1/2020, $27.0057 , $27.8299 , $26.0344 , $27.8078 ," $510,247,724.0000 ",-2.88%
10/1/2020, $26.1080 , $28.5878 , $25.4604 , $27.1602 ," $555,231,707.0000 ",-3.32%
11/1/2020, $29.7127 , $30.8984 , $26.1521 , $26.4391 ," $1,091,575,597.0000 ",13.81%
12/1/2020, $28.8429 , $33.7559 , $28.4355 , $30.8724 ," $1,161,346,900.0000 ",-2.93%
1/1/2021, $28.1299 , $29.6422 , $27.9105 , $28.8900 ," $689,094,500.0000 ",-2.47%
2/1/2021, $26.5270 , $28.6656 , $26.4240 , $28.4597 ," $665,243,900.0000 ",-5.70%
3/1/2021, $28.6973 , $29.1013 , $26.4874 , $26.6062 ," $675,588,700.0000 ",8.18%
4/1/2021, $30.6142 , $31.4221 , $28.3250 , $28.7528 ," $558,679,000.0000 ",6.68%
5/1/2021, $30.6775 , $32.5469 , $30.0676 , $30.9231 ," $615,262,500.0000 ",0.21%
6/1/2021, $31.3238 , $32.5716 , $30.7798 , $31.1478 ," $485,677,900.0000 ",2.11%
7/1/2021, $34.2434 , $34.9873 , $31.1398 , $31.3318 ," $525,510,400.0000 ",9.32%
8/1/2021, $37.1848 , $41.8581 , $34.9087 , $34.9490 ," $1,008,466,500.0000 ",8.59%
9/1/2021, $34.7149 , $38.3390 , $34.2468 , $37.2816 ," $544,666,400.0000 ",-6.64%
10/1/2021, $35.3042 , $35.3768 , $33.0442 , $34.3194 ," $471,555,700.0000 ",1.70%
11/1/2021, $43.3674 , $44.9575 , $34.7472 , $35.6270 ," $1,010,245,500.0000 ",22.84%
12/1/2021, $48.0798 , $50.2456 , $41.0368 , $42.7222 ," $1,064,029,400.0000 ",10.87%
1/1/2022, $42.9013 , $47.6727 , $40.5645 , $47.6319 ," $778,212,000.0000 ",-10.77%
2/1/2022, $38.5101 , $44.4089 , $37.2467 , $43.2685 ," $634,804,800.0000 ",-10.24%
3/1/2022, $42.4727 , $45.3688 , $37.2795 , $38.3050 ," $718,106,000.0000 ",10.29%
4/1/2022, $40.2576 , $46.2056 , $38.6578 , $42.7599 ," $482,896,600.0000 ",-5.22%
5/1/2022, $43.5147 , $45.0570 , $38.9368 , $39.1172 ," $583,220,400.0000 ",8.09%
6/1/2022, $43.3650 , $45.1267 , $38.2783 , $44.0432 ," $449,186,100.0000 ",-0.34%
7/1/2022, $41.7769 , $44.5974 , $40.6107 , $43.0424 ," $340,227,500.0000 ",-3.66%
8/1/2022, $37.7001 , $42.9013 , $37.6168 , $41.9427 ," $411,896,600.0000 ",-9.76%
9/1/2022, $36.4748 , $40.3007 , $36.2748 , $37.6251 ," $376,670,300.0000 ",-3.25%
10/1/2022, $38.8004 , $39.6089 , $34.5494 , $36.7332 ," $466,825,100.0000 ",6.38%
11/1/2022, $41.7844 , $41.7844 , $38.4753 , $40.0090 ," $419,484,600.0000 ",7.69%
12/1/2022, $43.0756 , $46.1777 , $41.3439 , $42.2938 ," $423,156,900.0000 ",3.09%
1/1/2023, $37.1237 , $43.3783 , $35.8964 , $42.8823 ," $522,769,000.0000 ",-13.82%
2/1/2023, $34.4189 , $37.7191 , $34.0116 , $37.2525 ," $403,988,700.0000 ",-7.29%
3/1/2023, $34.6140 , $35.0042 , $33.2820 , $34.4104 ," $504,067,700.0000 ",0.57%
4/1/2023, $32.9936 , $35.8187 , $32.5015 , $34.5207 ," $387,645,900.0000 ",-4.68%
5/1/2023, $32.2555 , $34.0541 , $30.6860 , $33.0869 ," $678,041,800.0000 ",-2.24%
6/1/2023, $31.4554 , $34.6198 , $30.6664 , $32.6903 ," $562,641,300.0000 ",-2.48%
7/1/2023, $30.9237 , $32.4158 , $30.3148 , $31.3010 ," $441,642,200.0000 ",-1.69%
8/1/2023, $30.6786 , $32.2481 , $30.0543 , $31.1121 ," $537,104,500.0000 ",-0.79%
9/1/2023, $28.7623 , $31.4677 , $27.5483 , $30.9040 ," $554,689,100.0000 ",-6.25%
10/1/2023, $26.4991 , $29.5773 , $25.7534 , $28.5715 ," $681,416,300.0000 ",-7.87%
11/1/2023, $26.4210 , $27.2361 , $25.0857 , $26.4991 ," $607,150,200.0000 ",-0.29%
12/1/2023, $25.3009 , $26.0479 , $22.6381 , $25.4590 ," $1,178,554,900.0000 ",-4.24%
1/1/2024, $23.7981 , $26.6103 , $23.5345 , $25.3800 ," $972,933,500.0000 ",-5.94%
2/1/2024, $23.6924 , $25.1018 , $23.6567 , $24.1741 ," $762,373,700.0000 ",-0.44%
3/1/2024, $24.7539 , $25.5924 , $22.8449 , $23.9332 ," $939,083,100.0000 ",4.48%
4/1/2024, $22.8539 , $24.8609 , $22.4792 , $24.7628 ," $806,890,100.0000 ",-7.68%
5/1/2024, $25.5656 , $26.4309 , $23.2107 , $23.4872 ," $953,935,500.0000 ",11.87%
6/1/2024, $25.3355 , $26.9201 , $24.3304 , $25.9512 ," $633,849,500.0000 ",-0.90%
7/1/2024, $27.6535 , $28.5590 , $24.7197 , $25.3083 ," $781,039,500.0000 ",9.15%
8/1/2024, $26.6388 , $28.7600 , $25.5736 , $28.2091 ," $613,665,800.0000 ",-3.67%
9/1/2024, $26.5745 , $27.8693 , $25.8399 , $26.3082 ," $600,228,100.0000 ",-0.24%
10/1/2024, $25.9869 , $27.9428 , $25.7389 , $26.6756 ," $785,354,000.0000 ",-2.21%
11/1/2024, $24.0677 , $26.2072 , $22.4791 , $26.1521 ," $1,024,980,800.0000 ",-7.39%
12/1/2024, $24.7399 , $25.0383 , $23.3691 , $24.3110 ," $906,524,100.0000 ",2.79%
1/1/2025, $24.7306 , $25.7098 , $24.1058 , $24.9451 ," $718,268,600.0000 ",-0.04%
2/1/2025, $25.0541 , $25.6229 , $23.8597 , $24.9309 ," $789,050,100.0000 ",1.31%
3/1/2025, $24.0209 , $25.8220 , $23.3289 , $24.9973 ," $1,211,689,800.0000 ",-4.12%
4/1/2025, $23.1393 , $24.0304 , $19.8310 , $23.9735 ," $1,215,932,100.0000 ",-3.67%
5/1/2025, $22.2672 , $23.0635 , $20.8263 , $23.0350 ," $962,073,700.0000 ",-3.77%
6/1/2025, $23.4165 , $24.1024 , $22.2766 , $22.7403 ," $750,552,000.0000 ",5.16%
7/1/2025, $22.4988 , $25.1650 , $22.3539 , $23.4551 ," $883,499,900.0000 ",-3.92%
8/1/2025, $24.3316 , $25.6582 , $22.7101 , $22.8968 ," $911,246,200.0000 ",8.15%
9/1/2025, $25.0391 , $25.1865 , $23.1720 , $24.3021 ," $1,100,895,200.0000 ",2.91%
10/1/2025, $24.2235 , $27.2109 , $23.7321 , $25.5206 ," $1,410,205,800.0000 ",-3.26%
11/1/2025, $25.2946 , $26.0218 , $23.4963 , $24.1645 ," $1,760,347,600.0000 ",4.42%
12/1/2025, $25.8891 , $25.9600 , $25.0400 , $25.7600 ," $205,803,313.0000 ",2.35%
