Date,Close_market,High_market,Low_market,Open_market,Volume_market,Return_market
1/1/1985,179.6300048828125,180.2700042724609,163.36000061035156,167.1999969482422,"$2,673,710,000.00",
2/1/1985,181.17999267578125,183.9499969482422,$177.75,179.6300048828125,"$2,194,620,000.00",0.86%
3/1/1985,180.66000366210935,183.88999938964844,176.52999877929688,181.17999267578125,"$2,153,090,000.00",-0.29%
4/1/1985,179.8300018310547,183.6100006103516,177.86000061035156,180.66000366210935,"$1,981,880,000.00",-0.46%
5/1/1985,189.5500030517578,189.97999572753903,178.35000610351562,179.8300018310547,"$2,350,340,000.00",5.41%
6/1/1985,191.8500061035156,191.8500061035156,185.02999877929688,189.5500030517578,"$2,117,000,000.00",1.21%
7/1/1985,190.9199981689453,196.07000732421875,189.3000030517578,191.8500061035156,"$2,463,070,000.00",-0.48%
8/1/1985,188.6300048828125,192.1699981689453,186.1000061035156,190.9199981689453,"$1,923,200,000.00",-1.20%
9/1/1985,182.0800018310547,188.8000030517578,179.4499969482422,188.6300048828125,"$1,860,160,000.00",-3.47%
10/1/1985,189.82000732421875,190.1499938964844,181.16000366210935,182.05999755859372,"$2,543,240,000.00",4.25%
11/1/1985,202.1699981689453,203.3999938964844,189.3699951171875,189.82000732421875,"$2,445,370,000.00",6.51%
12/1/1985,211.27999877929688,213.0800018310547,200.1000061035156,202.1699981689453,"$2,804,380,000.00",4.51%
1/1/1986,211.77999877929688,214.57000732421875,202.6000061035156,211.27999877929688,"$2,879,010,000.00",0.24%
2/1/1986,226.9199981689453,227.9199981689453,210.82000732421875,211.77999877929688,"$2,899,100,000.00",7.15%
3/1/1986,238.8999938964844,240.1100006103516,222.17999267578125,226.9199981689453,"$3,214,600,000.00",5.28%
4/1/1986,235.5200042724609,245.47000122070312,226.3000030517578,238.8999938964844,"$3,240,400,000.00",-1.41%
5/1/1986,247.3500061035156,249.19000244140625,232.25999450683597,235.5200042724609,"$2,680,240,000.00",5.02%
6/1/1986,250.83999633789065,251.80999755859372,238.22999572753903,246.0399932861328,"$2,649,600,000.00",1.41%
7/1/1986,236.1199951171875,253.1999969482422,233.07000732421875,250.6699981689453,"$3,029,900,000.00",-5.87%
8/1/1986,252.92999267578125,254.2400054931641,231.9199981689453,236.1199951171875,"$2,701,900,000.00",7.12%
9/1/1986,231.32000732421875,254.1300048828125,228.0800018310547,252.92999267578125,"$3,166,300,000.00",-8.54%
10/1/1986,243.97999572753903,244.50999450683597,231.32000732421875,231.32000732421875,"$3,016,740,000.00",5.47%
11/1/1986,249.22000122070312,249.22000122070312,235.50999450683597,243.97000122070312,"$2,940,830,000.00",2.15%
12/1/1986,242.1699981689453,254.8699951171875,241.27999877929688,249.22000122070312,"$3,260,870,000.00",-2.83%
1/1/1987,274.0799865722656,280.9599914550781,242.1699981689453,242.1699981689453,"$4,040,880,000.00",13.18%
2/1/1987,284.20001220703125,287.54998779296875,273.1600036621094,274.0799865722656,"$3,485,300,000.00",3.69%
3/1/1987,291.70001220703125,302.7200012207031,282.29998779296875,284.1700134277344,"$3,965,100,000.00",2.64%
4/1/1987,288.3599853515625,303.6499938964844,275.6700134277344,291.5899963378906,"$3,931,700,000.00",-1.15%
5/1/1987,290.1000061035156,298.69000244140625,$277.01,$286.99,"$3,417,700,000.00",0.60%
6/1/1987,$304.00,310.2699890136719,286.92999267578125,290.1199951171875,"$3,595,000,000.00",4.79%
7/1/1987,318.6600036621094,318.8500061035156,302.5299987792969,$303.99,"$3,966,400,000.00",4.82%
8/1/1987,329.79998779296875,337.8900146484375,$314.51,318.6199951171875,"$4,062,400,000.00",3.50%
9/1/1987,321.8299865722656,332.17999267578125,308.5599975585937,329.8099975585937,"$3,723,200,000.00",-2.42%
10/1/1987,251.7899932861328,328.94000244140625,216.4600067138672,321.8299865722656,"$6,094,500,000.00",-21.76%
11/1/1987,230.3000030517578,257.2099914550781,$225.75,251.72999572753903,"$3,589,530,000.00",-8.53%
12/1/1987,247.0800018310547,253.3500061035156,221.2400054931641,230.32000732421875,"$3,926,750,000.00",7.29%
1/1/1988,257.07000732421875,261.7799987792969,240.1699981689453,247.1000061035156,"$3,494,700,000.00",4.04%
2/1/1988,267.82000732421875,267.82000732421875,247.82000732421875,257.04998779296875,"$3,693,240,000.00",4.18%
3/1/1988,258.8900146484375,272.6400146484375,256.07000732421875,267.82000732421875,"$4,052,970,000.00",-3.33%
4/1/1988,261.3299865722656,272.04998779296875,254.7100067138672,258.8900146484375,"$3,260,760,000.00",0.94%
5/1/1988,262.1600036621094,263.70001220703125,248.8500061035156,261.3599853515625,"$3,231,370,000.00",0.32%
6/1/1988,$273.50,276.8800048828125,262.1000061035156,262.1600036621094,"$4,306,710,000.00",4.33%
7/1/1988,272.0199890136719,276.3599853515625,262.4800109863281,$273.50,"$3,338,470,000.00",-0.54%
8/1/1988,261.5199890136719,274.20001220703125,256.5299987792969,272.0299987792969,"$3,327,470,000.00",-3.86%
9/1/1988,271.9100036621094,274.8699951171875,256.9800109863281,261.5199890136719,"$3,059,450,000.00",3.97%
10/1/1988,278.9700012207031,283.95001220703125,268.8399963378906,271.8900146484375,"$3,415,160,000.00",2.60%
11/1/1988,273.70001220703125,280.3699951171875,262.8500061035156,278.9700012207031,"$2,822,820,000.00",-1.89%
12/1/1988,277.7200012207031,280.45001220703125,270.4700012207031,273.67999267578125,"$2,844,900,000.00",1.47%
1/1/1989,297.4700012207031,$297.51,273.8099975585937,277.7200012207031,"$3,532,220,000.00",7.11%
2/1/1989,288.8599853515625,300.57000732421875,$286.26,297.4700012207031,"$3,216,280,000.00",-2.89%
3/1/1989,294.8699951171875,$299.99,286.4599914550781,288.8599853515625,"$3,504,530,000.00",2.08%
4/1/1989,309.6400146484375,310.45001220703125,294.3500061035156,294.8699951171875,"$3,237,250,000.00",5.01%
5/1/1989,320.5199890136719,323.0599975585937,304.0599975585937,309.6400146484375,"$3,747,320,000.00",3.51%
6/1/1989,317.9800109863281,329.19000244140625,314.3800048828125,$320.51,"$3,966,590,000.00",-0.79%
7/1/1989,346.0799865722656,346.0799865722656,$317.26,317.9800109863281,"$3,249,030,000.00",8.84%
8/1/1989,351.45001220703125,352.7300109863281,$339.00,346.0799865722656,"$3,949,100,000.00",1.55%
9/1/1989,349.1499938964844,354.1300048828125,341.3699951171875,351.45001220703125,"$3,035,020,000.00",-0.65%
10/1/1989,340.3599853515625,360.4400024414063,327.1199951171875,349.1499938964844,"$4,012,670,000.00",-2.52%
11/1/1989,$345.99,$346.50,330.9100036621094,340.3599853515625,"$3,032,160,000.00",1.65%
12/1/1989,353.3999938964844,354.1000061035156,339.6300048828125,$346.01,"$3,213,420,000.00",2.14%
1/1/1990,329.0799865722656,360.5899963378906,319.8299865722656,353.3999938964844,"$3,793,250,000.00",-6.88%
2/1/1990,331.8900146484375,336.0899963378906,322.1000061035156,329.0799865722656,"$2,961,970,000.00",0.85%
3/1/1990,339.94000244140625,$344.49,331.0799865722656,331.8900146484375,"$3,283,280,000.00",2.43%
4/1/1990,330.79998779296875,347.29998779296875,$327.76,339.94000244140625,"$2,801,220,000.00",-2.69%
5/1/1990,361.2300109863281,$362.26,330.79998779296875,330.79998779296875,"$3,596,680,000.00",9.20%
6/1/1990,358.0199890136719,368.7799987792969,351.2300109863281,$361.26,"$3,226,280,000.00",-0.89%
7/1/1990,356.1499938964844,369.7799987792969,350.0899963378906,358.0199890136719,"$3,373,540,000.00",-0.52%
8/1/1990,322.5599975585937,357.3500061035156,306.17999267578125,356.1499938964844,"$4,020,730,000.00",-9.43%
9/1/1990,306.04998779296875,326.5299987792969,295.9800109863281,322.5599975585937,"$2,687,280,000.00",-5.12%
10/1/1990,$304.00,319.69000244140625,$294.51,306.1000061035156,"$3,671,900,000.00",-0.67%
11/1/1990,322.2200012207031,323.0199890136719,301.6099853515625,$303.99,"$3,149,770,000.00",5.99%
12/1/1990,330.2200012207031,333.9800109863281,321.9700012207031,322.2300109863281,"$3,116,830,000.00",2.48%
1/1/1991,343.92999267578125,343.92999267578125,309.3500061035156,330.20001220703125,"$3,660,240,000.00",4.15%
2/1/1991,367.0700073242188,370.9599914550781,340.3699951171875,343.9100036621094,"$4,303,170,000.00",6.73%
3/1/1991,375.2200012207031,379.6600036621094,363.7300109863281,367.0700073242188,"$3,927,920,000.00",2.22%
4/1/1991,375.3399963378906,$391.26,370.2699890136719,375.2200012207031,"$4,017,200,000.00",0.03%
5/1/1991,389.8299865722656,389.8500061035156,365.8299865722656,375.3500061035156,"$3,739,700,000.00",3.86%
6/1/1991,371.1600036621094,389.80999755859375,367.9800109863281,389.80999755859375,"$3,258,730,000.00",-4.79%
7/1/1991,387.80999755859375,387.80999755859375,370.9200134277344,371.1799926757813,"$3,481,570,000.00",4.49%
8/1/1991,395.4299926757813,396.8200073242188,374.0899963378906,387.80999755859375,"$3,713,820,000.00",1.96%
9/1/1991,387.8599853515625,397.6199951171875,382.7699890136719,395.4299926757813,"$3,260,990,000.00",-1.91%
10/1/1991,392.4500122070313,393.80999755859375,376.1099853515625,387.8599853515625,"$4,082,380,000.00",1.18%
11/1/1991,375.2200012207031,398.2200012207031,371.6300048828125,392.4599914550781,"$3,737,620,000.00",-4.39%
12/1/1991,417.0899963378906,418.3200073242188,371.3599853515625,375.1099853515625,"$4,155,310,000.00",11.16%
1/1/1992,408.7799987792969,421.1799926757813,408.6400146484375,417.0299987792969,"$5,286,280,000.00",-1.99%
2/1/1992,412.7000122070313,418.0799865722656,406.3399963378906,408.7900085449219,"$4,267,610,000.00",0.96%
3/1/1992,403.6900024414063,413.7799987792969,401.9400024414063,412.6799926757813,"$4,066,240,000.00",-2.18%
4/1/1992,414.9500122070313,416.2799987792969,392.4100036621094,403.6700134277344,"$4,315,840,000.00",2.79%
5/1/1992,415.3500061035156,$418.75,409.8500061035156,414.9500122070313,"$3,643,980,000.00",0.10%
6/1/1992,408.1400146484375,417.2999877929688,399.9200134277344,415.3500061035156,"$4,259,830,000.00",-1.74%
7/1/1992,424.2099914550781,424.7999877929688,407.2000122070313,408.2000122070313,"$4,265,220,000.00",3.94%
8/1/1992,414.0299987792969,425.1400146484375,408.2999877929688,424.1900024414063,"$3,653,820,000.00",-2.40%
9/1/1992,417.7999877929688,425.2699890136719,412.7099914550781,414.0299987792969,"$4,023,850,000.00",0.91%
10/1/1992,418.6799926757813,421.1600036621094,396.7999877929688,417.7999877929688,"$4,507,010,000.00",0.21%
11/1/1992,431.3500061035156,431.9299926757813,415.5799865722656,418.6600036621094,"$4,148,770,000.00",3.03%
12/1/1992,435.7099914550781,442.6499938964844,428.6099853515625,431.3500061035156,"$4,876,150,000.00",1.01%
1/1/1993,438.7799987792969,442.6600036621094,426.8800048828125,435.7000122070313,"$5,280,850,000.00",0.70%
2/1/1993,443.3800048828125,450.0400085449219,$428.25,438.7799987792969,"$5,442,450,000.00",1.05%
3/1/1993,451.6700134277344,$456.76,441.0700073242188,443.3800048828125,"$5,766,950,000.00",1.87%
4/1/1993,440.1900024414063,452.6300048828125,432.2999877929688,451.6700134277344,"$5,853,170,000.00",-2.54%
5/1/1993,450.1900024414063,454.5499877929688,436.8599853515625,440.1900024414063,"$5,108,640,000.00",2.27%
6/1/1993,450.5299987792969,455.6300048828125,$442.50,450.2300109863281,"$5,544,400,000.00",0.08%
7/1/1993,448.1300048828125,451.1499938964844,441.3999938964844,450.5400085449219,"$5,308,530,000.00",-0.53%
8/1/1993,463.55999755859375,463.55999755859375,446.9400024414063,448.1300048828125,"$5,506,200,000.00",3.44%
9/1/1993,458.9299926757813,463.7999877929688,449.6400146484375,463.5499877929688,"$5,552,720,000.00",-1.00%
10/1/1993,467.8299865722656,471.1000061035156,456.3999938964844,458.9299926757813,"$5,940,460,000.00",1.94%
11/1/1993,461.7900085449219,469.1099853515625,454.3599853515625,467.8299865722656,"$5,876,610,000.00",-1.29%
12/1/1993,466.4500122070313,471.2900085449219,461.4500122070313,461.9299926757813,"$5,791,210,000.00",1.01%
1/1/1994,481.6099853515625,482.8500061035156,464.3599853515625,$466.51,"$6,627,390,000.00",3.25%
2/1/1994,467.1400146484375,482.2300109863281,$464.26,481.6000061035156,"$5,853,100,000.00",-3.00%
3/1/1994,445.7699890136719,471.0899963378906,436.1600036621094,467.1900024414063,"$7,225,010,000.00",-4.57%
4/1/1994,450.9100036621094,452.7900085449219,435.8599853515625,445.6600036621094,"$5,735,010,000.00",1.15%
5/1/1994,$456.50,457.7699890136719,440.7799987792969,450.9100036621094,"$5,675,970,000.00",1.24%
6/1/1994,444.2699890136719,463.2300109863281,439.8299865722656,$456.50,"$5,852,670,000.00",-2.68%
7/1/1994,$458.26,459.3299865722656,443.5799865722656,444.2699890136719,"$4,980,100,000.00",3.15%
8/1/1994,$475.49,477.5899963378906,456.0799865722656,458.2799987792969,"$6,398,750,000.00",3.76%
9/1/1994,462.7099914550781,$475.49,458.4700012207031,$475.49,"$6,152,870,000.00",-2.69%
10/1/1994,472.3500061035156,$474.74,449.2699890136719,462.6900024414063,"$6,344,700,000.00",2.08%
11/1/1994,453.6900024414063,$472.26,444.1799926757813,$472.26,"$6,251,240,000.00",-3.95%
12/1/1994,459.2699890136719,462.7300109863281,442.8800048828125,453.5499877929688,"$6,351,530,000.00",1.23%
1/1/1995,470.4200134277344,471.3599853515625,457.2000122070313,459.2099914550781,"$6,852,060,000.00",2.43%
2/1/1995,487.3900146484375,489.1900024414063,469.2900085449219,470.4200134277344,"$6,330,100,000.00",3.61%
3/1/1995,500.7099914550781,508.1499938964844,479.7000122070313,487.3900146484375,"$7,792,400,000.00",2.73%
4/1/1995,514.7100219726562,515.2899780273438,500.2000122070313,500.7000122070313,"$6,307,030,000.00",2.80%
5/1/1995,533.4000244140625,533.4099731445312,$513.03,$514.76,"$7,555,690,000.00",3.63%
6/1/1995,$544.75,551.0700073242188,$526.00,533.4000244140625,"$7,555,650,000.00",2.13%
7/1/1995,562.0599975585938,565.4000244140625,$542.51,$544.75,"$7,307,960,000.00",3.18%
8/1/1995,561.8800048828125,565.6199951171875,553.0399780273438,562.0599975585938,"$7,146,620,000.00",-0.03%
9/1/1995,584.4099731445312,587.6099853515625,$561.01,561.8800048828125,"$7,052,830,000.00",4.01%
10/1/1995,$581.50,590.6599731445312,571.5499877929688,584.4099731445312,"$8,043,320,000.00",-0.50%
11/1/1995,605.3699951171875,608.6900024414062,581.0399780273438,$581.50,"$7,602,150,000.00",4.10%
12/1/1995,615.9299926757812,622.8800048828125,605.0499877929688,605.3699951171875,"$7,697,540,000.00",1.74%
1/1/1996,$636.02,636.1799926757812,597.2899780273438,615.9299926757812,"$9,188,050,000.00",3.26%
2/1/1996,640.4299926757812,$664.23,633.7100219726562,$636.02,"$8,749,960,000.00",0.69%
3/1/1996,$645.50,$656.97,627.6300048828125,640.4299926757812,"$8,984,200,000.00",0.79%
4/1/1996,654.1699829101562,656.6799926757812,624.1400146484375,$645.50,"$8,875,580,000.00",1.34%
5/1/1996,669.1199951171875,681.0999755859375,630.0700073242188,654.1699829101562,"$8,921,140,000.00",2.29%
6/1/1996,670.6300048828125,680.3200073242188,$658.75,669.1199951171875,"$7,930,840,000.00",0.23%
7/1/1996,639.9500122070312,675.8800048828125,605.8800048828125,670.6300048828125,"$8,849,860,000.00",-4.57%
8/1/1996,$651.99,670.6799926757812,$639.49,639.9500122070312,"$7,380,320,000.00",1.88%
9/1/1996,687.3300170898438,690.8800048828125,$643.97,$651.99,"$8,064,070,000.00",5.42%
10/1/1996,$705.27,714.0999755859375,684.4400024414062,687.3099975585938,"$9,703,670,000.00",2.61%
11/1/1996,$757.02,762.1199951171875,701.2999877929688,$705.27,"$8,763,850,000.00",7.34%
12/1/1996,$740.74,$761.75,716.6900024414062,$757.02,"$9,089,170,000.00",-2.15%
1/1/1997,786.1599731445312,794.6699829101562,729.5499877929688,$740.74,"$11,635,830,000.00",6.13%
2/1/1997,790.8200073242188,817.6799926757812,773.4299926757812,786.1599731445312,"$9,715,930,000.00",0.59%
3/1/1997,757.1199951171875,814.9000244140625,756.1300048828125,790.8200073242188,"$10,120,760,000.00",-4.26%
4/1/1997,801.3400268554688,804.1300048828125,733.5399780273438,757.1199951171875,"$10,454,880,000.00",5.84%
5/1/1997,$848.28,851.8699951171875,793.2100219726562,801.3400268554688,"$10,106,650,000.00",5.86%
6/1/1997,885.1400146484375,902.0900268554688,838.8200073242188,$848.28,"$10,857,950,000.00",4.35%
7/1/1997,954.3099975585938,$957.73,884.5399780273438,885.1400146484375,"$11,958,120,000.00",7.81%
8/1/1997,$899.47,964.1699829101562,893.3400268554688,954.2899780273438,"$10,606,100,000.00",-5.75%
9/1/1997,$947.28,960.5900268554688,$899.47,$899.47,"$11,383,000,000.00",5.32%
10/1/1997,914.6199951171876,983.1199951171876,$855.27,$947.28,"$14,017,260,000.00",-3.45%
11/1/1997,955.4000244140624,964.5499877929688,900.6099853515625,914.6199951171876,"$10,173,620,000.00",4.46%
12/1/1997,970.4299926757812,$986.25,924.9199829101562,955.4000244140624,"$11,958,880,000.00",1.57%
1/1/1998,$980.28,992.6500244140624,912.8300170898438,970.4299926757812,"$12,733,830,000.00",1.02%
2/1/1998,1049.3399658203125,1051.6600341796875,$980.28,$980.28,"$11,656,550,000.00",7.04%
3/1/1998,"$1,101.75",1113.0699462890625,1030.8699951171875,1049.3399658203125,"$13,719,590,000.00",4.99%
4/1/1998,"$1,111.75","$1,132.98",1076.699951171875,"$1,101.75","$13,656,060,000.00",0.91%
5/1/1998,1090.8199462890625,"$1,130.52",1074.3900146484375,"$1,111.75","$11,477,140,000.00",-1.88%
6/1/1998,1133.8399658203125,1145.1500244140625,1074.6700439453125,1090.8199462890625,"$13,551,970,000.00",3.94%
7/1/1998,1120.6700439453125,1190.5799560546875,1114.300048828125,1133.8399658203125,"$14,194,800,000.00",-1.16%
8/1/1998,$957.28,"$1,121.79",$957.28,1120.6700439453125,"$15,071,550,000.00",-14.58%
9/1/1998,1017.010009765625,1066.1099853515625,$939.98,$957.28,"$16,714,080,000.00",6.24%
10/1/1998,1098.6700439453125,1103.780029296875,923.3200073242188,1017.010009765625,"$18,001,650,000.00",8.03%
11/1/1998,1163.6300048828125,1192.969970703125,1098.6700439453125,1098.6700439453125,"$13,451,280,000.00",5.91%
12/1/1998,"$1,229.23",1244.9300537109375,1136.8900146484375,1163.6300048828125,"$15,181,450,000.00",5.64%
1/1/1999,1279.6400146484375,1280.3699951171875,"$1,205.46","$1,229.23","$16,213,500,000.00",4.10%
2/1/1999,1238.3299560546875,1283.8399658203125,1211.8900146484375,1279.6400146484375,"$14,555,860,000.00",-3.23%
3/1/1999,1286.3699951171875,1323.8199462890625,1216.030029296875,1238.3299560546875,"$18,002,500,000.00",3.88%
4/1/1999,1335.1800537109375,"$1,371.56","$1,282.56",1286.3699951171875,"$18,523,200,000.00",3.79%
5/1/1999,1301.8399658203125,"$1,375.98","$1,277.31",1335.1800537109375,"$15,880,260,000.00",-2.50%
6/1/1999,"$1,372.71",1372.9300537109375,1277.469970703125,1301.8399658203125,"$16,079,170,000.00",5.44%
7/1/1999,1328.719970703125,1420.3299560546875,1328.489990234375,"$1,372.71","$15,332,930,000.00",-3.20%
8/1/1999,1320.4100341796875,1382.8399658203125,"$1,267.73",1328.719970703125,"$15,818,550,000.00",-0.63%
9/1/1999,"$1,282.71",1361.3900146484375,1256.260009765625,1320.4100341796875,"$16,438,700,000.00",-2.86%
10/1/1999,1362.9300537109375,1373.1700439453125,1233.699951171875,"$1,282.71","$18,832,000,000.00",6.25%
11/1/1999,1388.9100341796875,"$1,425.31",1346.4100341796875,1362.9300537109375,"$18,384,820,000.00",1.91%
12/1/1999,"$1,469.25",1473.0999755859375,1387.3800048828125,1388.9100341796875,"$19,640,690,000.00",5.78%
1/1/2000,"$1,394.46","$1,478.00",1350.1400146484375,"$1,469.25","$21,494,400,000.00",-5.09%
2/1/2000,1366.4200439453125,1444.550048828125,1325.0699462890625,"$1,394.46","$20,912,000,000.00",-2.01%
3/1/2000,1498.5799560546875,1552.8699951171875,1346.6199951171875,1366.4200439453125,"$26,156,200,000.00",9.67%
4/1/2000,1452.4300537109375,"$1,527.19",1339.4000244140625,1498.5799560546875,"$20,106,460,000.00",-3.08%
5/1/2000,1420.5999755859375,1481.510009765625,1361.0899658203125,1452.4300537109375,"$19,898,300,000.00",-2.19%
6/1/2000,1454.5999755859375,1488.9300537109375,1420.5999755859375,1420.5999755859375,"$21,738,300,000.00",2.39%
7/1/2000,1430.8299560546875,1517.3199462890625,1413.8900146484375,1454.5999755859375,"$19,089,100,000.00",-1.63%
8/1/2000,1517.6800537109375,"$1,525.21",1425.4300537109375,1430.8299560546875,"$20,363,700,000.00",6.07%
9/1/2000,1436.510009765625,1530.0899658203125,"$1,419.44",1517.6800537109375,"$20,838,300,000.00",-5.35%
10/1/2000,1429.4000244140625,1454.8199462890625,"$1,305.79","$1,436.52","$25,951,400,000.00",-0.49%
11/1/2000,1314.949951171875,"$1,438.46",1294.9000244140625,1429.4000244140625,"$20,532,300,000.00",-8.01%
12/1/2000,1320.280029296875,1389.050048828125,1254.0699462890625,1314.949951171875,"$23,610,800,000.00",0.41%
1/1/2001,1366.010009765625,1383.3699951171875,1274.6199951171875,1320.280029296875,"$27,829,800,000.00",3.46%
2/1/2001,"$1,239.94",1376.3800048828125,"$1,215.44",1366.010009765625,"$21,644,400,000.00",-9.23%
3/1/2001,1160.3299560546875,1267.4200439453125,"$1,081.19","$1,239.94","$27,806,610,000.00",-6.42%
4/1/2001,"$1,249.46",1269.300048828125,1091.989990234375,1160.3299560546875,"$25,409,990,000.00",7.68%
5/1/2001,1255.8199462890625,1315.9300537109375,"$1,232.00","$1,249.46","$24,525,900,000.00",0.51%
6/1/2001,1224.3800048828125,1286.6199951171875,1203.030029296875,1255.8199462890625,"$24,748,030,000.00",-2.50%
7/1/2001,"$1,211.23",1239.780029296875,"$1,165.54",1224.4200439453125,"$23,793,710,000.00",-1.07%
8/1/2001,1133.5799560546875,"$1,226.27",1124.8699951171875,"$1,211.23","$23,359,200,000.00",-6.41%
9/1/2001,"$1,040.94",1155.4000244140625,$944.75,1133.5799560546875,"$25,025,290,000.00",-8.17%
10/1/2001,1059.780029296875,1110.6099853515625,1026.760009765625,"$1,040.94","$29,951,280,000.00",1.81%
11/1/2001,1139.449951171875,1163.3800048828125,"$1,054.31",1059.780029296875,"$26,330,000,000.00",7.52%
12/1/2001,1148.0799560546875,1173.6199951171875,1114.530029296875,1139.449951171875,"$25,128,570,000.00",0.76%
1/1/2002,1130.199951171875,1176.969970703125,1081.6600341796875,1148.0799560546875,"$29,746,200,000.00",-1.56%
2/1/2002,"$1,106.73",1130.199951171875,1074.3599853515625,1130.199951171875,"$26,047,600,000.00",-2.08%
3/1/2002,1147.3900146484375,"$1,173.94","$1,106.73","$1,106.73","$26,563,200,000.00",3.67%
4/1/2002,1076.9200439453125,1147.8399658203125,"$1,063.46",1147.3900146484375,"$28,568,900,000.00",-6.14%
5/1/2002,1067.1400146484375,1106.5899658203125,"$1,048.96",1076.9200439453125,"$26,905,500,000.00",-0.91%
6/1/2002,989.8200073242188,1070.739990234375,952.9199829101562,1067.1400146484375,"$29,981,510,000.00",-7.25%
7/1/2002,911.6199951171876,994.4600219726562,775.6799926757812,989.8200073242188,"$42,228,720,000.00",-7.90%
8/1/2002,916.0700073242188,$965.00,833.4400024414062,911.6199951171876,"$29,298,400,000.00",0.49%
9/1/2002,$815.28,$924.02,800.2000122070312,916.0700073242188,"$27,723,710,000.00",-11.00%
10/1/2002,$885.76,907.4400024414062,768.6300048828125,$815.28,"$37,856,310,000.00",8.64%
11/1/2002,936.3099975585938,941.8200073242188,872.0499877929688,$885.76,"$29,200,960,000.00",5.71%
12/1/2002,879.8200073242188,$954.28,869.4500122070312,936.3099975585938,"$25,993,640,000.00",-6.03%
1/1/2003,855.7000122070312,935.0499877929688,840.3400268554688,879.8200073242188,"$30,749,580,000.00",-2.74%
2/1/2003,841.1500244140625,864.6400146484375,806.2899780273438,855.7000122070312,"$25,235,300,000.00",-1.70%
3/1/2003,848.1799926757812,895.9000244140625,788.9000244140625,841.1500244140625,"$30,080,030,000.00",0.84%
4/1/2003,916.9199829101562,$924.24,847.8499755859375,848.1799926757812,"$29,669,610,000.00",8.10%
5/1/2003,963.5900268554688,965.3800048828124,902.8300170898438,916.9199829101562,"$30,952,100,000.00",5.09%
6/1/2003,$974.50,1015.3300170898438,963.5900268554688,963.5900268554688,"$31,219,400,000.00",1.13%
7/1/2003,990.3099975585938,1015.4099731445312,962.0999755859376,$974.50,"$31,553,200,000.00",1.62%
8/1/2003,1008.010009765625,1011.010009765625,960.8400268554688,990.3099975585938,"$24,881,470,000.00",1.79%
9/1/2003,$995.97,"$1,040.29",990.3599853515624,1008.010009765625,"$29,940,110,000.00",-1.19%
10/1/2003,"$1,050.71","$1,053.79",$995.97,$995.97,"$32,298,500,000.00",5.50%
11/1/2003,1058.199951171875,1063.6500244140625,1031.199951171875,"$1,050.71","$24,463,220,000.00",0.71%
12/1/2003,1111.9200439453125,"$1,112.56",1053.4100341796875,1058.199951171875,"$27,839,130,000.00",5.08%
1/1/2004,1131.1300048828125,1155.3800048828125,1105.0799560546875,1111.9200439453125,"$32,820,000,000.00",1.73%
2/1/2004,"$1,144.94","$1,158.98","$1,124.44",1131.1300048828125,"$27,985,600,000.00",1.22%
3/1/2004,"$1,126.21","$1,163.23",1087.1600341796875,"$1,144.94","$33,597,900,000.00",-1.64%
4/1/2004,1107.300048828125,1150.5699462890625,"$1,107.23","$1,126.21","$31,611,900,000.00",-1.68%
5/1/2004,1120.6800537109375,1127.739990234375,1076.3199462890625,1107.300048828125,"$29,326,400,000.00",1.21%
6/1/2004,1140.8399658203125,1146.3399658203125,1113.3199462890625,1120.6800537109375,"$27,529,500,000.00",1.80%
7/1/2004,1101.719970703125,1140.8399658203125,1078.780029296875,1140.8399658203125,"$29,285,600,000.00",-3.43%
8/1/2004,1104.239990234375,1109.6800537109375,1060.719970703125,1101.719970703125,"$26,586,800,000.00",0.23%
9/1/2004,1114.5799560546875,"$1,131.54",1099.1800537109375,1104.239990234375,"$26,829,870,000.00",0.94%
10/1/2004,1130.199951171875,1142.050048828125,"$1,090.29",1114.5799560546875,"$31,511,000,000.00",1.40%
11/1/2004,1173.8199462890625,"$1,188.46",1127.5999755859375,1130.199951171875,"$30,460,280,000.00",3.86%
12/1/2004,1211.9200439453125,1217.3299560546875,1173.780029296875,1173.780029296875,"$31,102,500,000.00",3.25%
1/1/2005,"$1,181.27",1217.800048828125,"$1,163.75",1211.9200439453125,"$31,498,800,000.00",-2.53%
2/1/2005,1203.5999755859375,"$1,212.44",1180.949951171875,"$1,181.27","$29,297,410,000.00",1.89%
3/1/2005,1180.5899658203125,1229.1099853515625,"$1,163.69",1203.5999755859375,"$39,014,150,000.00",-1.91%
4/1/2005,1156.8499755859375,1191.8800048828125,1136.1500244140625,1180.5899658203125,"$43,424,270,000.00",-2.01%
5/1/2005,"$1,191.50","$1,199.56",1146.1800537109375,1156.8499755859375,"$39,321,990,000.00",3.00%
6/1/2005,1191.3299560546875,1219.5899658203125,1188.300048828125,"$1,191.50","$40,334,040,000.00",-0.01%
7/1/2005,1234.1800537109375,1245.1500244140625,1183.550048828125,1191.3299560546875,"$37,464,670,000.00",3.60%
8/1/2005,1220.3299560546875,1245.8599853515625,1201.0699462890625,1234.1800537109375,"$42,030,090,000.00",-1.12%
9/1/2005,"$1,228.81",1243.1300048828125,1205.3499755859375,1220.3299560546875,"$44,777,510,000.00",0.69%
10/1/2005,1207.010009765625,1233.3399658203125,1168.199951171875,"$1,228.81","$49,793,790,000.00",-1.77%
11/1/2005,"$1,249.48",1270.6400146484375,1201.0699462890625,1207.010009765625,"$45,102,870,000.00",3.52%
12/1/2005,"$1,248.29",1275.800048828125,1246.5899658203125,"$1,249.48","$41,756,130,000.00",-0.10%
1/1/2006,1280.0799560546875,1294.9000244140625,1245.739990234375,"$1,248.29","$49,211,650,000.00",2.55%
2/1/2006,1280.6600341796875,1297.5699462890625,1253.6099853515625,1280.0799560546875,"$42,859,940,000.00",0.05%
3/1/2006,1294.8699951171875,1310.8800048828125,1268.4200439453125,1280.6600341796875,"$50,905,040,000.00",1.11%
4/1/2006,1310.6099853515625,1318.1600341796875,1280.739990234375,1302.8800048828125,"$43,308,430,000.00",1.22%
5/1/2006,1270.0899658203125,1326.699951171875,1245.3399658203125,1310.6099853515625,"$54,312,830,000.00",-3.09%
6/1/2006,1270.199951171875,1290.6800537109375,"$1,219.29",1270.050048828125,"$54,873,260,000.00",0.01%
7/1/2006,1276.6600341796875,1280.4200439453125,"$1,224.54","$1,270.06","$46,348,220,000.00",0.51%
8/1/2006,1303.8199462890625,1306.739990234375,1261.300048828125,1278.530029296875,"$50,485,620,000.00",2.13%
9/1/2006,1335.8499755859375,1340.280029296875,1290.9300537109375,1303.800048828125,"$49,001,440,000.00",2.46%
10/1/2006,"$1,377.94",1389.449951171875,1327.0999755859375,1335.8199462890625,"$56,793,620,000.00",3.15%
11/1/2006,1400.6300048828125,1407.8900146484375,"$1,360.98",1377.760009765625,"$55,343,930,000.00",1.65%
12/1/2006,1418.300048828125,"$1,431.81",1385.9300537109375,1400.6300048828125,"$47,578,780,000.00",1.26%
1/1/2007,1438.239990234375,1441.6099853515625,1403.969970703125,1418.030029296875,"$56,686,200,000.00",1.41%
2/1/2007,1406.8199462890625,1461.5699462890625,1389.4200439453125,1437.9000244140625,"$51,844,990,000.00",-2.18%
3/1/2007,1420.8599853515625,1438.8900146484375,"$1,363.98",1406.800048828125,"$67,622,250,000.00",1.00%
4/1/2007,1482.3699951171875,"$1,498.02",1416.3699951171875,1420.8299560546875,"$57,032,470,000.00",4.33%
5/1/2007,1530.6199951171875,"$1,535.56",1476.699951171875,1482.3699951171875,"$64,958,050,000.00",3.25%
6/1/2007,1503.3499755859375,"$1,540.56",1484.1800537109375,1530.6199951171875,"$65,322,800,000.00",-1.78%
7/1/2007,"$1,455.27",1555.9000244140625,"$1,454.25",1504.6600341796875,"$70,337,430,000.00",-3.20%
8/1/2007,1473.989990234375,1503.8900146484375,1370.5999755859375,1455.1800537109375,"$91,381,760,000.00",1.29%
9/1/2007,"$1,526.75",1538.739990234375,"$1,439.29","$1,473.96","$57,809,700,000.00",3.58%
10/1/2007,1549.3800048828125,1576.0899658203125,"$1,489.56","$1,527.29","$76,022,580,000.00",1.48%
11/1/2007,1481.1400146484375,"$1,545.79",1406.0999755859375,"$1,545.79","$86,246,950,000.00",-4.40%
12/1/2007,1468.3599853515625,1523.5699462890625,1435.6500244140625,1479.6300048828125,"$64,821,670,000.00",-0.86%
1/1/2008,1378.550048828125,"$1,471.77",1270.050048828125,1467.969970703125,"$98,475,340,000.00",-6.12%
2/1/2008,1330.6300048828125,"$1,396.02","$1,316.75",1378.5999755859375,"$78,536,130,000.00",-3.48%
3/1/2008,1322.699951171875,1359.6800537109375,"$1,256.98",1330.449951171875,"$93,189,170,000.00",-0.60%
4/1/2008,1385.5899658203125,1404.5699462890625,1324.3499755859375,1326.4100341796875,"$85,978,630,000.00",4.75%
5/1/2008,1400.3800048828125,1440.239990234375,1373.0699462890625,1385.969970703125,"$80,990,480,000.00",1.07%
6/1/2008,"$1,280.00",1404.050048828125,"$1,272.00",1399.6199951171875,"$96,614,040,000.00",-8.60%
7/1/2008,1267.3800048828125,1292.1700439453125,"$1,200.44","$1,276.69","$124,980,570,000.00",-0.99%
8/1/2008,1282.8299560546875,1313.1500244140625,1247.449951171875,1269.4200439453125,"$86,266,010,000.00",1.22%
9/1/2008,1166.3599853515625,"$1,303.04",1106.4200439453125,1287.8299560546875,"$140,007,320,000.00",-9.08%
10/1/2008,$968.75,1167.030029296875,839.7999877929688,1164.1700439453125,"$159,823,030,000.00",-16.94%
11/1/2008,$896.24,1007.510009765625,$741.02,968.6699829101562,"$115,660,210,000.00",-7.48%
12/1/2008,$903.25,918.8499755859376,815.6900024414062,888.6099853515625,"$112,884,470,000.00",0.78%
1/1/2009,825.8800048828125,943.8499755859376,804.2999877929688,$902.99,"$112,090,640,000.00",-8.57%
2/1/2009,735.0900268554688,$875.01,$734.52,823.0900268554688,"$124,492,210,000.00",-10.99%
3/1/2009,797.8699951171875,$832.98,666.7899780273438,729.5700073242188,"$161,843,640,000.00",8.54%
4/1/2009,872.8099975585938,888.7000122070312,783.3200073242188,793.5900268554688,"$138,855,320,000.00",9.39%
5/1/2009,919.1400146484376,930.1699829101562,866.0999755859375,$872.74,"$131,614,940,000.00",5.31%
6/1/2009,919.3200073242188,$956.23,888.8599853515625,$923.26,"$112,653,150,000.00",0.02%
7/1/2009,$987.48,996.6799926757812,869.3200073242188,920.8200073242188,"$106,635,790,000.00",7.41%
8/1/2009,1020.6199951171876,1039.469970703125,$978.51,$990.22,"$116,059,270,000.00",3.36%
9/1/2009,1057.0799560546875,1080.1500244140625,$991.97,"$1,019.52","$112,295,490,000.00",3.57%
10/1/2009,"$1,036.19",1101.3599853515625,1019.9500122070312,1054.9100341796875,"$113,410,990,000.00",-1.98%
11/1/2009,1095.6300048828125,"$1,113.69",1029.3800048828125,1036.1800537109375,"$84,981,530,000.00",5.74%
12/1/2009,1115.0999755859375,1130.3800048828125,1085.8900146484375,1098.8900146484375,"$89,515,330,000.00",1.78%
1/1/2010,1073.8699951171875,1150.449951171875,1071.5899658203125,"$1,116.56","$90,947,580,000.00",-3.70%
2/1/2010,1104.489990234375,1112.4200439453125,"$1,044.50",1073.8900146484375,"$84,561,340,000.00",2.85%
3/1/2010,1169.4300537109375,"$1,180.69",1105.3599853515625,1105.3599853515625,"$103,683,550,000.00",5.88%
4/1/2010,"$1,186.69",1219.800048828125,"$1,170.69","$1,171.23","$116,741,910,000.00",1.48%
5/1/2010,1089.4100341796875,1205.1300048828125,1040.780029296875,1188.5799560546875,"$127,662,780,000.00",-8.20%
6/1/2010,"$1,030.71","$1,131.23",1028.3299560546875,1087.300048828125,"$110,106,750,000.00",-5.39%
7/1/2010,1101.5999755859375,1120.949951171875,1010.9099731445312,1031.0999755859375,"$94,778,110,000.00",6.88%
8/1/2010,1049.3299560546875,1129.239990234375,1039.699951171875,1107.530029296875,"$85,738,250,000.00",-4.74%
9/1/2010,1141.199951171875,1157.1600341796875,1049.719970703125,1049.719970703125,"$79,589,450,000.00",8.76%
10/1/2010,1183.260009765625,1196.1400146484375,1131.8699951171875,1143.489990234375,"$89,536,270,000.00",3.69%
11/1/2010,1180.550048828125,1227.0799560546875,"$1,173.00","$1,185.71","$87,151,070,000.00",-0.23%
12/1/2010,1257.6400146484375,1262.5999755859375,1186.5999755859375,1186.5999755859375,"$80,984,530,000.00",6.53%
1/1/2011,1286.1199951171875,1302.6700439453125,1257.6199951171875,1257.6199951171875,"$92,164,940,000.00",2.26%
2/1/2011,1327.219970703125,1344.0699462890625,1289.1400146484375,1289.1400146484375,"$59,223,660,000.00",3.20%
3/1/2011,1325.8299560546875,1332.280029296875,1249.050048828125,1328.6400146484375,"$89,507,640,000.00",-0.10%
4/1/2011,1363.6099853515625,"$1,364.56",1294.699951171875,"$1,329.48","$77,364,810,000.00",2.85%
5/1/2011,1345.199951171875,1370.5799560546875,1311.800048828125,"$1,365.21","$81,708,980,000.00",-1.35%
6/1/2011,1320.6400146484375,1345.199951171875,1258.0699462890625,1345.199951171875,"$86,122,730,000.00",-1.83%
7/1/2011,1292.280029296875,"$1,356.48",1282.8599853515625,1320.6400146484375,"$81,102,170,000.00",-2.15%
8/1/2011,1218.8900146484375,1307.3800048828125,"$1,101.54",1292.5899658203125,"$108,419,170,000.00",-5.68%
9/1/2011,1131.4200439453125,"$1,229.29",1114.219970703125,1219.1199951171875,"$102,786,820,000.00",-7.18%
10/1/2011,1253.300048828125,1292.6600341796875,"$1,074.77","$1,131.21","$98,063,670,000.00",10.77%
11/1/2011,"$1,246.96",1277.550048828125,1158.6600341796875,"$1,251.00","$84,275,050,000.00",-0.51%
12/1/2011,1257.5999755859375,1269.3699951171875,1202.3699951171875,1246.9100341796875,"$74,742,430,000.00",0.85%
1/1/2012,1312.4100341796875,1333.469970703125,1258.8599853515625,1258.8599853515625,"$79,567,560,000.00",4.36%
2/1/2012,1365.6800537109375,"$1,378.04",1312.449951171875,1312.449951171875,"$78,385,710,000.00",4.06%
3/1/2012,1408.469970703125,1419.1500244140625,1340.030029296875,1365.9000244140625,"$83,899,660,000.00",3.13%
4/1/2012,1397.9100341796875,1422.3800048828125,1357.3800048828125,1408.469970703125,"$74,761,710,000.00",-0.75%
5/1/2012,1310.3299560546875,1415.3199462890625,"$1,291.98",1397.8599853515625,"$86,920,490,000.00",-6.27%
6/1/2012,1362.1600341796875,"$1,363.46",1266.739990234375,1309.8699951171875,"$81,582,440,000.00",3.96%
7/1/2012,1379.3199462890625,1391.739990234375,1325.4100341796875,1362.3299560546875,"$73,103,810,000.00",1.26%
8/1/2012,1406.5799560546875,1426.6800537109375,1354.6500244140625,1379.3199462890625,"$70,283,810,000.00",1.98%
9/1/2012,1440.6700439453125,1474.510009765625,"$1,396.56","$1,406.54","$69,784,280,000.00",2.42%
10/1/2012,1412.1600341796875,"$1,470.96",1403.280029296875,1440.9000244140625,"$71,752,320,000.00",-1.98%
11/1/2012,1416.1800537109375,"$1,434.27",1343.3499755859375,1412.199951171875,"$71,489,310,000.00",0.28%
12/1/2012,"$1,426.19","$1,448.00",1398.1099853515625,1416.3399658203125,"$66,388,180,000.00",0.71%
1/1/2013,1498.1099853515625,"$1,509.94","$1,426.19","$1,426.19","$75,848,510,000.00",5.04%
2/1/2013,1514.6800537109375,"$1,530.94",1485.010009765625,1498.1099853515625,"$69,273,480,000.00",1.11%
3/1/2013,"$1,569.19",1570.280029296875,"$1,501.48",1514.6800537109375,"$68,527,110,000.00",3.60%
4/1/2013,1597.5699462890625,1597.5699462890625,1536.030029296875,1569.1800537109375,"$77,098,000,000.00",1.81%
5/1/2013,1630.739990234375,1687.1800537109375,1581.280029296875,1597.550048828125,"$76,447,250,000.00",2.08%
6/1/2013,1606.280029296875,"$1,654.19",1560.3299560546875,"$1,631.71","$74,946,790,000.00",-1.50%
7/1/2013,"$1,685.73",1698.780029296875,1604.5699462890625,1609.780029296875,"$68,106,820,000.00",4.95%
8/1/2013,1632.969970703125,1709.6700439453125,1627.469970703125,1689.4200439453125,"$64,802,810,000.00",-3.13%
9/1/2013,1681.550048828125,1729.8599853515625,1633.4100341796875,1635.949951171875,"$66,174,410,000.00",2.97%
10/1/2013,"$1,756.54",1775.219970703125,1646.469970703125,1682.4100341796875,"$76,647,400,000.00",4.46%
11/1/2013,"$1,805.81",1813.550048828125,1746.199951171875,1758.699951171875,"$63,628,190,000.00",2.80%
12/1/2013,1848.3599853515625,"$1,849.44",1767.989990234375,1806.550048828125,"$64,958,820,000.00",2.36%
1/1/2014,1782.5899658203125,1850.8399658203125,1770.449951171875,1845.8599853515625,"$75,871,910,000.00",-3.56%
2/1/2014,1859.449951171875,1867.9200439453125,1737.9200439453125,1782.6800537109375,"$69,725,590,000.00",4.31%
3/1/2014,1872.3399658203125,1883.969970703125,"$1,834.44",1857.6800537109373,"$71,885,030,000.00",0.69%
4/1/2014,1883.949951171875,1897.280029296875,1814.3599853515625,"$1,873.96","$71,595,810,000.00",0.62%
5/1/2014,1923.5699462890625,1924.030029296875,"$1,859.79",1884.3900146484373,"$63,623,630,000.00",2.10%
6/1/2014,"$1,960.23",1968.1700439453125,"$1,915.98",1923.8699951171875,"$63,283,380,000.00",1.91%
7/1/2014,1930.6700439453125,1991.3900146484373,1930.6700439453125,"$1,962.29","$66,524,690,000.00",-1.51%
8/1/2014,2003.3699951171875,"$2,005.04",1904.780029296875,1929.800048828125,"$58,131,140,000.00",3.77%
9/1/2014,"$1,972.29",2019.260009765625,"$1,964.04",2004.0699462890625,"$66,706,000,000.00",-1.55%
10/1/2014,2018.050048828125,"$2,018.19",1820.6600341796875,"$1,971.44","$93,714,040,000.00",2.32%
11/1/2014,"$2,067.56",2075.760009765625,2001.010009765625,"$2,018.21","$63,600,190,000.00",2.45%
12/1/2014,"$2,058.90",2093.550048828125,"$1,972.56",2065.780029296875,"$80,743,820,000.00",-0.42%
1/1/2015,1994.989990234375,2072.360107421875,1988.1199951171875,"$2,058.90","$77,330,040,000.00",-3.10%
2/1/2015,"$2,104.50",2119.590087890625,1980.9000244140625,1996.6700439453125,"$68,775,560,000.00",5.49%
3/1/2015,2067.889892578125,"$2,117.52","$2,039.69","$2,105.23","$76,675,850,000.00",-1.74%
4/1/2015,2085.510009765625,"$2,125.92","$2,048.38","$2,067.63","$72,060,940,000.00",0.85%
5/1/2015,2107.389892578125,2134.719970703125,2067.929931640625,"$2,087.38","$65,187,730,000.00",1.05%
6/1/2015,2063.110107421875,"$2,129.87",2056.320068359375,2108.639892578125,"$73,213,980,000.00",-2.10%
7/1/2015,2103.840087890625,2132.820068359375,"$2,044.02","$2,067.00","$77,920,590,000.00",1.97%
8/1/2015,1972.1800537109373,2112.659912109375,1867.010009765625,2104.489990234375,"$84,626,790,000.00",-6.26%
9/1/2015,1920.030029296875,2020.8599853515625,1871.9100341796875,1970.0899658203125,"$79,989,370,000.00",-2.64%
10/1/2015,2079.360107421875,2094.320068359375,1893.699951171875,1919.6500244140625,"$85,844,900,000.00",8.30%
11/1/2015,2080.409912109375,"$2,116.48",2019.3900146484373,2080.760009765625,"$75,943,590,000.00",0.05%
12/1/2015,"$2,043.94","$2,104.27",1993.260009765625,2082.929931640625,"$83,649,260,000.00",-1.75%
1/1/2016,1940.239990234375,2038.199951171875,"$1,812.29",2038.199951171875,"$92,409,770,000.00",-5.07%
2/1/2016,"$1,932.23","$1,962.96",1810.0999755859373,"$1,936.94","$93,049,560,000.00",-0.41%
3/1/2016,2059.739990234375,"$2,072.21",1937.0899658203125,1937.0899658203125,"$92,639,420,000.00",6.60%
4/1/2016,2065.300048828125,2111.050048828125,2033.800048828125,"$2,056.62","$81,124,990,000.00",0.27%
5/1/2016,2096.949951171875,"$2,103.48",2025.9100341796875,"$2,067.17","$78,883,600,000.00",1.53%
6/1/2016,2098.860107421875,2120.550048828125,1991.6800537109373,"$2,093.94","$86,852,700,000.00",0.09%
7/1/2016,"$2,173.60",2177.090087890625,"$2,074.02",2099.340087890625,"$69,530,250,000.00",3.56%
8/1/2016,2170.949951171875,"$2,193.81","$2,147.58","$2,173.15","$75,610,310,000.00",-0.12%
9/1/2016,"$2,168.27","$2,187.87","$2,119.12","$2,171.33","$77,023,620,000.00",-0.12%
10/1/2016,"$2,126.15","$2,169.60",2114.719970703125,"$2,164.33","$72,915,530,000.00",-1.94%
11/1/2016,"$2,198.81","$2,214.10","$2,083.79",2128.679931640625,"$88,445,380,000.00",3.42%
12/1/2016,"$2,238.83",2277.530029296875,"$2,187.44","$2,200.17","$75,344,550,000.00",1.82%
1/1/2017,"$2,278.87",2300.989990234375,"$2,245.13",2251.570068359375,"$70,576,420,000.00",1.79%
2/1/2017,2363.639892578125,"$2,371.54","$2,271.65",2285.590087890625,"$69,260,940,000.00",3.72%
3/1/2017,2362.719970703125,"$2,400.98","$2,322.25","$2,380.13","$81,664,010,000.00",-0.04%
4/1/2017,2384.199951171875,2398.159912109375,2328.949951171875,2362.340087890625,"$65,369,860,000.00",0.91%
5/1/2017,2411.800048828125,"$2,418.71",2352.719970703125,"$2,388.50","$79,719,460,000.00",1.16%
6/1/2017,2423.409912109375,2453.820068359375,2405.699951171875,"$2,415.65","$81,078,810,000.00",0.48%
7/1/2017,2470.300048828125,"$2,484.04",2407.699951171875,2431.389892578125,"$63,348,090,000.00",1.93%
8/1/2017,"$2,471.65","$2,490.87","$2,417.35","$2,477.10","$70,784,900,000.00",0.05%
9/1/2017,2519.360107421875,"$2,519.44",2446.550048828125,"$2,474.42","$66,624,120,000.00",1.93%
10/1/2017,2575.260009765625,"$2,582.98","$2,520.40",2521.199951171875,"$71,088,550,000.00",2.22%
11/1/2017,"$2,647.58",2657.739990234375,2557.449951171875,"$2,583.21","$73,416,960,000.00",2.81%
12/1/2017,2673.610107421875,2694.969970703125,"$2,605.52","$2,645.10","$65,531,700,000.00",0.98%
1/1/2018,"$2,823.81","$2,872.87",2682.360107421875,"$2,683.73","$77,318,690,000.00",5.62%
2/1/2018,"$2,713.83","$2,835.96","$2,532.69",2816.449951171875,"$79,933,970,000.00",-3.89%
3/1/2018,"$2,640.87","$2,801.90",2585.889892578125,2715.219970703125,"$76,803,890,000.00",-2.69%
4/1/2018,2648.050048828125,2717.489990234375,2553.800048828125,2633.449951171875,"$70,194,700,000.00",0.27%
5/1/2018,"$2,705.27",2742.239990234375,"$2,594.62","$2,642.96","$76,011,820,000.00",2.16%
6/1/2018,"$2,718.37",2791.469970703125,2691.989990234375,2718.699951171875,"$77,891,360,000.00",0.48%
7/1/2018,"$2,816.29",2848.030029296875,2698.949951171875,2704.949951171875,"$64,898,300,000.00",3.60%
8/1/2018,"$2,901.52","$2,916.50",2796.340087890625,"$2,821.17","$69,523,070,000.00",3.03%
9/1/2018,"$2,913.98",2940.909912109375,"$2,864.12","$2,896.96","$63,031,510,000.00",0.43%
10/1/2018,2711.739990234375,2939.860107421875,"$2,603.54","$2,926.29","$91,930,980,000.00",-6.94%
11/1/2018,"$2,760.17","$2,815.15",2631.090087890625,"$2,717.58","$80,620,020,000.00",1.79%
12/1/2018,"$2,506.85",2800.179931640625,"$2,346.58","$2,790.50","$84,162,180,000.00",-9.18%
1/1/2019,"$2,704.10",2708.949951171875,"$2,443.96","$2,476.96","$80,859,870,000.00",7.87%
2/1/2019,2784.489990234375,2813.489990234375,"$2,681.83",2702.320068359375,"$70,638,770,000.00",2.97%
3/1/2019,"$2,834.40","$2,860.31","$2,722.27",2798.219970703125,"$79,159,660,000.00",1.79%
4/1/2019,"$2,945.83","$2,949.52","$2,848.63","$2,848.63","$70,090,370,000.00",3.93%
5/1/2019,"$2,752.06","$2,954.13","$2,750.52","$2,952.33","$77,250,740,000.00",-6.58%
6/1/2019,2941.760009765625,"$2,964.15","$2,728.81",2751.530029296875,"$71,250,630,000.00",6.89%
7/1/2019,"$2,980.38","$3,027.98",2952.219970703125,2971.409912109375,"$70,599,470,000.00",1.31%
8/1/2019,"$2,926.46",3013.590087890625,"$2,822.12",2980.320068359375,"$80,269,220,000.00",-1.81%
9/1/2019,2976.739990234375,3021.989990234375,"$2,891.85",2909.010009765625,"$74,178,980,000.00",1.72%
10/1/2019,"$3,037.56","$3,050.10","$2,855.94","$2,983.69","$77,720,640,000.00",2.04%
11/1/2019,"$3,140.98",3154.260009765625,3050.719970703125,3050.719970703125,"$72,410,620,000.00",3.40%
12/1/2019,3230.780029296875,3247.929931640625,"$3,070.33","$3,143.85","$72,325,540,000.00",2.86%
1/1/2020,"$3,225.52","$3,337.77",3214.639892578125,"$3,244.67","$77,287,980,000.00",-0.16%
2/1/2020,2954.219970703125,"$3,393.52",2855.840087890625,3235.659912109375,"$84,436,590,000.00",-8.41%
3/1/2020,2584.590087890625,3136.719970703125,2191.860107421875,2974.280029296875,"$162,185,380,000.00",-12.51%
4/1/2020,2912.429931640625,2954.860107421875,2447.489990234375,"$2,498.08","$123,608,160,000.00",12.68%
5/1/2020,"$3,044.31","$3,068.67",2766.639892578125,2869.090087890625,"$107,135,190,000.00",4.53%
6/1/2020,"$3,100.29","$3,233.13",2965.659912109375,3038.780029296875,"$131,458,880,000.00",1.84%
7/1/2020,"$3,271.12",3279.989990234375,"$3,101.17","$3,105.92","$96,928,130,000.00",5.51%
8/1/2020,"$3,500.31","$3,514.77",3284.530029296875,3288.260009765625,"$82,466,520,000.00",7.01%
9/1/2020,"$3,363.00",3588.110107421875,3209.449951171875,"$3,507.44","$92,310,780,000.00",-3.92%
10/1/2020,"$3,269.96","$3,549.85","$3,233.94","$3,385.87","$89,938,980,000.00",-2.77%
11/1/2020,"$3,621.63",3645.989990234375,3279.739990234375,3296.199951171875,"$101,247,180,000.00",10.75%
12/1/2020,3756.070068359375,3760.199951171875,"$3,633.40","$3,645.87","$96,375,680,000.00",3.71%
1/1/2021,3714.239990234375,"$3,870.90","$3,662.71",3764.610107421875,"$106,117,800,000.00",-1.11%
2/1/2021,"$3,811.15",3950.429931640625,"$3,725.62","$3,731.17","$99,082,320,000.00",2.61%
3/1/2021,3972.889892578125,3994.409912109375,3723.340087890625,3842.510009765625,"$122,371,150,000.00",4.24%
4/1/2021,"$4,181.17","$4,218.78",3992.780029296875,3992.780029296875,"$83,124,090,000.00",5.24%
5/1/2021,"$4,204.11","$4,238.04","$4,056.88","$4,191.98","$88,321,860,000.00",0.55%
6/1/2021,"$4,297.50","$4,302.43","$4,164.40","$4,216.52","$102,544,180,000.00",2.22%
7/1/2021,"$4,395.26","$4,429.97","$4,233.13","$4,300.73","$84,255,620,000.00",2.27%
8/1/2021,"$4,522.68","$4,537.36","$4,367.73","$4,406.86","$80,500,760,000.00",2.90%
9/1/2021,"$4,307.54","$4,545.85","$4,305.91","$4,528.80","$85,528,860,000.00",-4.76%
10/1/2021,"$4,605.38","$4,608.08","$4,278.94","$4,317.16","$80,253,600,000.00",6.91%
11/1/2021,"$4,567.00","$4,743.83","$4,560.00","$4,610.62","$88,268,840,000.00",-0.83%
12/1/2021,"$4,766.18","$4,808.93","$4,495.12","$4,602.82","$92,750,180,000.00",4.36%
1/1/2022,"$4,515.55","$4,818.62","$4,222.62","$4,778.14","$95,562,890,000.00",-5.26%
2/1/2022,"$4,373.94","$4,595.31","$4,114.65","$4,519.57","$92,667,710,000.00",-3.14%
3/1/2022,"$4,530.41","$4,637.30","$4,157.87","$4,363.14","$123,546,260,000.00",3.58%
4/1/2022,"$4,131.93","$4,593.45","$4,124.28","$4,540.32","$90,367,840,000.00",-8.80%
5/1/2022,"$4,132.15","$4,307.66",3810.320068359375,"$4,130.61","$108,860,390,000.00",0.01%
6/1/2022,"$3,785.38","$4,177.51","$3,636.87","$4,149.78","$106,116,710,000.00",-8.39%
7/1/2022,"$4,130.29","$4,140.15","$3,721.56","$3,781.00","$81,688,320,000.00",9.11%
8/1/2022,"$3,955.00","$4,325.28",3954.530029296875,"$4,112.38","$92,252,350,000.00",-4.24%
9/1/2022,"$3,585.62","$4,119.28","$3,584.13","$3,936.73","$94,241,020,000.00",-9.34%
10/1/2022,"$3,871.98","$3,905.42","$3,491.58",3609.780029296875,"$95,823,760,000.00",7.99%
11/1/2022,4080.110107421875,4080.110107421875,"$3,698.15","$3,901.79","$92,671,910,000.00",5.38%
12/1/2022,"$3,839.50","$4,100.96",3764.489990234375,4087.139892578125,"$85,249,330,000.00",-5.90%
1/1/2023,"$4,076.60","$4,094.21","$3,794.33","$3,853.29","$80,763,810,000.00",6.18%
2/1/2023,"$3,970.15","$4,195.44","$3,943.08",4070.070068359375,"$80,392,280,000.00",-2.61%
3/1/2023,"$4,109.31","$4,110.75",3808.860107421875,3963.340087890625,"$113,094,800,000.00",3.51%
4/1/2023,"$4,169.48","$4,170.06","$4,049.35","$4,102.20","$70,861,260,000.00",1.46%
5/1/2023,"$4,179.83","$4,231.10",4048.280029296875,"$4,166.79","$85,190,040,000.00",0.25%
6/1/2023,"$4,450.38","$4,458.48","$4,171.64","$4,183.03","$87,983,140,000.00",6.47%
7/1/2023,"$4,588.96","$4,607.07","$4,385.05","$4,450.48","$75,063,200,000.00",3.11%
8/1/2023,"$4,507.66","$4,584.62","$4,335.31","$4,578.83","$86,840,820,000.00",-1.77%
9/1/2023,"$4,288.05","$4,541.25","$4,238.63","$4,530.60","$73,482,980,000.00",-4.87%
10/1/2023,"$4,193.80","$4,393.57","$4,103.78","$4,284.52","$83,519,460,000.00",-2.20%
11/1/2023,"$4,567.80","$4,587.64","$4,197.74","$4,201.27","$80,970,570,000.00",8.92%
12/1/2023,"$4,769.83","$4,793.30","$4,546.50","$4,559.43","$81,530,670,000.00",4.42%
1/1/2024,"$4,845.65","$4,931.09","$4,682.11","$4,745.20","$81,737,880,000.00",1.59%
2/1/2024,"$5,096.27","$5,111.06","$4,853.52","$4,861.11","$82,066,930,000.00",5.17%
3/1/2024,"$5,254.35","$5,264.85","$5,056.82","$5,098.51","$86,299,510,000.00",3.10%
4/1/2024,"$5,035.69","$5,263.95","$4,953.56","$5,257.97","$81,747,170,000.00",-4.16%
5/1/2024,"$5,277.51","$5,341.88","$5,011.05","$5,029.03","$86,849,720,000.00",4.80%
6/1/2024,"$5,460.48","$5,523.64","$5,234.32","$5,297.15","$76,025,620,000.00",3.47%
7/1/2024,"$5,522.30","$5,669.67","$5,390.95","$5,471.08","$80,160,390,000.00",1.13%
8/1/2024,"$5,648.40","$5,651.62","$5,119.26","$5,537.84","$81,097,300,000.00",2.28%
9/1/2024,"$5,762.48","$5,767.37","$5,402.62","$5,623.89","$79,564,830,000.00",2.02%
10/1/2024,"$5,705.45","$5,878.46","$5,674.00","$5,757.73","$82,412,430,000.00",-0.99%
11/1/2024,"$6,032.38","$6,044.17","$5,696.51","$5,723.22","$84,101,980,000.00",5.73%
12/1/2024,"$5,881.63","$6,099.97","$5,832.30","$6,040.11","$86,064,900,000.00",-2.50%
1/1/2025,"$6,040.53","$6,128.18","$5,773.31","$5,903.26","$88,639,380,000.00",2.70%
2/1/2025,"$5,954.50","$6,147.43","$5,837.66","$5,969.65","$92,317,000,000.00",-1.42%
3/1/2025,"$5,611.85","$5,986.09","$5,488.73","$5,968.33","$111,387,270,000.00",-5.75%
4/1/2025,"$5,569.06","$5,695.31","$4,835.04","$5,597.53","$118,936,380,000.00",-0.76%
5/1/2025,"$5,911.69","$5,968.61","$5,578.64","$5,625.14","$105,346,260,000.00",6.15%
6/1/2025,"$6,204.95","$6,215.08","$5,861.43","$5,896.68","$106,456,300,000.00",4.96%
7/1/2025,"$6,339.39","$6,427.02","$6,177.97","$6,187.25","$114,004,890,000.00",2.17%
8/1/2025,"$6,460.26","$6,508.23","$6,212.69","$6,287.28","$99,352,030,000.00",1.91%
9/1/2025,"$6,688.46","$6,699.52","$6,360.58","$6,401.51","$114,074,610,000.00",3.53%
10/1/2025,"$6,840.20","$6,920.34","$6,550.78","$6,664.92","$129,661,660,000.00",2.27%
11/1/2025,"$6,849.09","$6,882.32","$6,521.92","$6,882.32","$100,880,170,000.00",0.13%
12/1/2025,"$6,829.37","$6,851.55","$6,799.94","$6,812.30","$12,128,560,000.00",-0.29%
